religia_v1;religijność_v2;praktyki_rel_v3;rel_a_edu_v4;rel_a_zaw_v5;rel_a_stud_v6;Zdrowie_v7;Rodzina_v8;Pieniądze_v9;Stabilność_fin_v10;Rozw_v11;Wiara_v12;Wiara_pomaga_v13;Wiara_a_ plany_v14;Wiara_a_stres_v15;Wiara_a_edukacja_v16;Tożsamość_narodowa_v17;Dieta_v18;Ubiór_v19;Rozrywka_v20;Wpływ_wiary_Index;Presja_społeczna_v21;Presja_rodziny_v22;Pozytywnie_v23;Utożsamienie_v24;Obecność_religii_v25;Szkoła_v26;Wigilia_v27;Krzyż_v28;Dyskryminacja_v29;Katolicy_dyskryminacja_v30;Wybór_kierunku_v31;Wiara_a_nauka_v32;Zmiana_wiary_v33;Presja_praktykowania_v34;Presja_ograniczenie_v35;Zmiana_postaw_v36;Oczekiwania_społeczne_v37;Matka_v38;Ojciec_v39;Rozumienie_religijności_v40;Płeć;Rok_urodzenia;Wiek;Miejsce_zamieszkania;Rok_studiów
Ateizm;Zdecydowanie nie;W ogóle nie uczestniczę;absolutnienie;są przydatne tylko w zagadnieniach teologicznych;Tak;Zgadzam się;Nie mam zdania;Zgadzam się;Zgadzam się;Zgadzam się;Nie zgadzam się;Nie zgadzam się;Nie zgadzam się;Nie zgadzam się;Nie zgadzam się;Nie zgadzam się;Nie zgadzam się;Nie zgadzam się;Nie zgadzam się;0;Raczej się nie zgadzam;Nie zgadzam się;Nie mam zdania;Nie zgadzam się;Zdecydowanie źle;Zdecydowanie tak;Raczej tak;Zdecydowanie negatywnie;Zdecydowanie tak;Zdecydowanie nie;Nigdy;Ani sprzeczne, ani zgodne;Pozostała bez zmian;Nie;Nie;4;1;Zdecydowanie nie;Zdecydowanie nie;jest odpowiednikiem racjonalizmu;Mężczyzna;2002;23;Miasto powyżej 500 tys.;III rok
Ateizm;Zdecydowanie nie;W ogóle nie uczestniczę;NIE;NIE;Nie;Zgadzam się;Raczej się zgadzam;Zgadzam się;Zgadzam się;Zgadzam się;Nie zgadzam się;Nie zgadzam się;Nie zgadzam się;Nie zgadzam się;Nie zgadzam się;Nie zgadzam się;Nie zgadzam się;Nie zgadzam się;Nie zgadzam się;0;Zgadzam się;Zgadzam się;Nie zgadzam się;Nie zgadzam się;Zdecydowanie źle;Zdecydowanie tak;Zdecydowanie nie;Zdecydowanie negatywnie;Zdecydowanie tak;Zdecydowanie nie;Nigdy;Zdecydowanie sprzeczne;Pozostała bez zmian;Rzadko;Nie;1;1;Zdecydowanie nie;Zdecydowanie nie;;Kobieta;2002;23;Miasto powyżej 500 tys.;III rok
Ateizm;Raczej nie;W ogóle nie uczestniczę;Zdecydowanie nie, ponieważ jest to sprawa indywidualna i religia nie powinna mieć wpływu na edukację;Jestem ateistą, stąd też nie mam żadnych wartości religijnych przydatnych w zawodzie;Nie;Zgadzam się;Zgadzam się;Raczej się zgadzam;Zgadzam się;Zgadzam się;Nie zgadzam się;Nie zgadzam się;Nie zgadzam się;Nie zgadzam się;Nie zgadzam się;Nie zgadzam się;Nie zgadzam się;Nie zgadzam się;Nie zgadzam się;0;Nie zgadzam się;Nie zgadzam się;Nie mam zdania;Nie zgadzam się;Raczej źle;Zdecydowanie tak;Trudno powiedzieć;Raczej negatywnie;Zdecydowanie tak;Zdecydowanie nie;Nigdy;Zdecydowanie sprzeczne;Pozostała bez zmian;Nie;Nie;3;1;Raczej tak;Raczej nie;Wiarą w konkretnego Boga i przestrzeganie zasad, jakimi kieruje dana wiara;Kobieta;2002;23;Miasto od 150 tys. do 500 tys.;III rok
Ateizm;Zdecydowanie nie;W ogóle nie uczestniczę;nie powinna mieć wcale ;niekoniecznie;Nie;Zgadzam się;Zgadzam się;Zgadzam się;Zgadzam się;Zgadzam się;Nie zgadzam się;Nie zgadzam się;Nie zgadzam się;Nie zgadzam się;Nie zgadzam się;Raczej się nie zgadzam;Nie zgadzam się;Nie zgadzam się;Nie zgadzam się;0;Nie zgadzam się;Nie zgadzam się;Nie mam zdania;Nie zgadzam się;Raczej źle;Zdecydowanie tak;Trudno powiedzieć;Trudno powiedzieć;Trudno powiedzieć;Zdecydowanie nie;Nigdy;Zdecydowanie sprzeczne;Pozostała bez zmian;Nie;Nie;1;1;Raczej nie;Raczej nie;dla mnie niczym specjalnym, dopóki ktoś nie usprawiedliwia krzywdzenia innych swoim wyznaniem nie interesuje mnie kto co praktykuje;Mężczyzna;2003;22;Miasto od 150 tys. do 500 tys.;III rok
Ateizm;Zdecydowanie nie;W ogóle nie uczestniczę;Zdecydowanie nie;nie pracuję;Nie;Zgadzam się;Zgadzam się;Raczej się zgadzam;Zgadzam się;Raczej się zgadzam;Nie zgadzam się;Nie zgadzam się;Nie zgadzam się;Nie zgadzam się;Nie zgadzam się;Raczej się nie zgadzam;Nie zgadzam się;Nie zgadzam się;Nie zgadzam się;0;Nie zgadzam się;Nie zgadzam się;Raczej się nie zgadzam;Nie zgadzam się;Zdecydowanie źle;Zdecydowanie tak;Trudno powiedzieć;Trudno powiedzieć;Raczej tak;Zdecydowanie nie;Nigdy;Raczej sprzeczne;Pozostała bez zmian;Nie;Nie;2;1;Raczej nie;Trudno powiedzieć;;Kobieta;2003;22;Miasto od 150 tys. do 500 tys.;III rok
Kościół rzymskokatolicki;Zdecydowanie nie;Rzadziej niż raz w miesiącu;nie!;tak, bo jednak są one dość mocno związane z wartosciami powszechnie uważanymi za ważne jak np. szacunek do bliźniego, nie kradnij... tego typu sprawy ;Nie;Zgadzam się;Raczej się zgadzam;Zgadzam się;Zgadzam się;Raczej się zgadzam;Raczej się zgadzam;Raczej się nie zgadzam;Nie zgadzam się;Zgadzam się;Nie zgadzam się;Raczej się zgadzam;Nie zgadzam się;Nie zgadzam się;Nie zgadzam się;2.5;Nie zgadzam się;Nie zgadzam się;Raczej się nie zgadzam;Zgadzam się;Zdecydowanie źle;Zdecydowanie tak;Zdecydowanie tak;Zdecydowanie pozytywnie;Zdecydowanie nie;Zdecydowanie nie;Nigdy;Raczej zgodne;Pozostała bez zmian;Nie;Nie;1;1;Zdecydowanie nie;Zdecydowanie nie;wiara w zasady i wartosci ktore wynikają z katolickiej nauki społecznej jak terlikowski opowiadal;gender fluid;2001;24;Miasto do 50 tys.;III rok
Kościół rzymskokatolicki;Zdecydowanie tak;Kilka razy w miesiącu;Nie;Nie, nie wiem w jaki sposób miałyby być;Nie;Zgadzam się;Zgadzam się;Raczej się zgadzam;Zgadzam się;Raczej się zgadzam;Raczej się zgadzam;Nie mam zdania;Nie mam zdania;Nie mam zdania;Raczej się nie zgadzam;Raczej się zgadzam;Raczej się zgadzam;Nie zgadzam się;Nie zgadzam się;4.0625;Raczej się nie zgadzam;Raczej się zgadzam;Zgadzam się;Raczej się zgadzam;Raczej źle;Raczej tak;Zdecydowanie tak;Trudno powiedzieć;Raczej nie;Raczej nie;Nigdy;Ani sprzeczne, ani zgodne;Pozostała bez zmian;Tak, czasami;Nie;2;3;Zdecydowanie tak;Raczej tak;Wiarą w coś większego;Mężczyzna;2003;22;Miasto od 150 tys. do 500 tys.;III rok
Kościół rzymskokatolicki;Nie mam zdania;Rzadziej niż raz w miesiącu;Nie;Nie;Tak;Zgadzam się;Zgadzam się;Raczej się zgadzam;Zgadzam się;Raczej się zgadzam;Nie mam zdania;Nie mam zdania;Nie mam zdania;Nie mam zdania;Nie zgadzam się;Raczej się zgadzam;Nie zgadzam się;Nie zgadzam się;Nie zgadzam się;2.5;Nie mam zdania;Raczej się zgadzam;Nie mam zdania;Raczej się nie zgadzam;Raczej źle;Zdecydowanie tak;Trudno powiedzieć;Trudno powiedzieć;Raczej nie;Raczej nie;Nigdy;Ani sprzeczne, ani zgodne;Pozostała bez zmian;Tak, czasami;Nie;1;1;Zdecydowanie tak;Zdecydowanie tak;;Kobieta;2002;23;Miasto od 150 tys. do 500 tys.;III rok
Kościół rzymskokatolicki;Raczej nie;Rzadziej niż raz w miesiącu;Nie uważam tak.;Nie, bo nie pracuje.;Nie;Zgadzam się;Zgadzam się;Zgadzam się;Zgadzam się;Zgadzam się;Nie zgadzam się;Nie zgadzam się;Nie zgadzam się;Nie zgadzam się;Nie zgadzam się;Nie zgadzam się;Nie zgadzam się;Nie zgadzam się;Nie zgadzam się;0;Nie zgadzam się;Nie zgadzam się;Zgadzam się;Raczej się nie zgadzam;Raczej źle;Raczej tak;Raczej nie;Trudno powiedzieć;Trudno powiedzieć;Raczej nie;Nigdy;Raczej sprzeczne;Pozostała bez zmian;Tak, czasami;Nie;2;3;Raczej tak;Raczej tak;Religijność jest dla mnie nie wiem czym, ciężko mi to ocenić.;Mężczyzna;2002;23;Wieś;III rok
Kościół rzymskokatolicki;Raczej tak;Raz w tygodniu;tak;nie;Tak;Nie mam zdania;Raczej się zgadzam;Zgadzam się;Raczej się zgadzam;Nie mam zdania;Raczej się zgadzam;Nie mam zdania;Nie mam zdania;Raczej się zgadzam;Nie mam zdania;Raczej się zgadzam;Raczej się nie zgadzam;Raczej się nie zgadzam;Raczej się nie zgadzam;4.6875;Raczej się nie zgadzam;Nie zgadzam się;Raczej się zgadzam;Raczej się nie zgadzam;Trudno powiedzieć;Raczej tak;Raczej tak;Raczej pozytywnie;Trudno powiedzieć;Trudno powiedzieć;Nigdy;Ani sprzeczne, ani zgodne;Pozostała bez zmian;Tak, czasami;Nie;1;2;Zdecydowanie tak;Zdecydowanie nie;jest to wiara w istnienie jakiejś idei postępowanie zgodnie z pewnymi ideami;Mężczyzna;2001;24;Miasto od 150 tys. do 500 tys.;III rok
Ateizm;Zdecydowanie nie;W ogóle nie uczestniczę;Uważam, że nie powinna mieć żadnego wpływu.;Nie, według mnie nie posiadanie odpowiednich wartości przydatnych w pracy zawodowej nie jest zależne od religii.;Nie;Zgadzam się;Zgadzam się;Raczej się zgadzam;Raczej się zgadzam;Raczej się zgadzam;Nie zgadzam się;Nie zgadzam się;Nie zgadzam się;Nie zgadzam się;Nie zgadzam się;Nie zgadzam się;Nie zgadzam się;Nie zgadzam się;Nie zgadzam się;0;Nie mam zdania;Nie zgadzam się;Raczej się nie zgadzam;Nie mam zdania;Zdecydowanie źle;Zdecydowanie tak;Trudno powiedzieć;Zdecydowanie negatywnie;Raczej tak;Zdecydowanie nie;Nigdy;Zdecydowanie sprzeczne;Pozostała bez zmian;Nie;Nie;2;1;Raczej nie;Raczej nie;wiara w coś co daje oparcie, oraz praktykowanie rytuałów danej religii;Kobieta;2003;22;Miasto od 50 tys. do 150 tys.;III rok
Kościół rzymskokatolicki;Raczej tak;Raz w tygodniu;Nie powinna mieć żadnego;Nie są ani przydatne ani nie. W pracy zawodowej przydatne są kompetencje i umiejętności, nie same wartości religijne.;Nie;Zgadzam się;Zgadzam się;Raczej się zgadzam;Zgadzam się;Zgadzam się;Zgadzam się;Raczej się zgadzam;Raczej się nie zgadzam;Nie zgadzam się;Nie zgadzam się;Nie zgadzam się;Raczej się zgadzam;Nie zgadzam się;Nie zgadzam się;3.4375;Nie mam zdania;Raczej się nie zgadzam;Raczej się zgadzam;Raczej się zgadzam;Raczej źle;Zdecydowanie tak;Raczej tak;Trudno powiedzieć;Raczej nie;Raczej nie;Nigdy;Ani sprzeczne, ani zgodne;Pozostała bez zmian;Rzadko;Nie;1;1;Zdecydowanie tak;Zdecydowanie tak;Religijność to dla mnie dostrzeganie obecności Boga w życiu codziennym, poświęcanie czasu na budowanie relacji z Nim, ale również rozważanie nauki, poddawanie krytycznemu myśleniu i życie ze świadomością istnienia Boga.;Kobieta;2002;23;Miasto od 150 tys. do 500 tys.;III rok
Ateizm;Zdecydowanie nie;W ogóle nie uczestniczę;Nie powinna mieć żadnego wpływu na edukację, która powinna być oparta na faktach i wydarzeniach historycznych, a nie wyznaniach i wierze.;Nie posiadam wartości religijnych jako osoba ateistyczna, jednakże wartości przejawiane przez społeczeństwo polskie jest ściśle powiązane z wiarą chrześcijańską tym samym, jednostki posiadają wartości, które są podstawą w religii chrześcijańskiej, które okazują się przydatne w miejscach pracy.;Tak;Zgadzam się;Zgadzam się;Raczej się zgadzam;Zgadzam się;Zgadzam się;Nie zgadzam się;Nie zgadzam się;Nie zgadzam się;Nie zgadzam się;Nie zgadzam się;Nie mam zdania;Nie zgadzam się;Nie zgadzam się;Nie zgadzam się;0;Nie zgadzam się;Nie mam zdania;Raczej się zgadzam;Nie mam zdania;Raczej źle;Zdecydowanie tak;Raczej nie;Raczej negatywnie;Raczej nie;Zdecydowanie nie;Nigdy;Ani sprzeczne, ani zgodne;Pozostała bez zmian;Nie;Nie;1;1;Raczej nie;Raczej tak;Religijność jest dla mnie ideą, która powstała, aby ludzie mogli powierzyć swoje problemy bytowi, który jest istotą wyższą, istotą, której działanie i słowo jest prawem i wszystkie niepowodzenia oraz powodzenia są przewidziane z góry, a nie konsekwencją własnych czynów.;Kobieta;2001;24;Wieś;III rok
Kościół rzymskokatolicki;Zdecydowanie nie;W ogóle nie uczestniczę;Zdecydowanie nie ;Zdecydowanie nie ;Nie;Zgadzam się;Zgadzam się;Zgadzam się;Zgadzam się;Zgadzam się;Nie zgadzam się;Nie zgadzam się;Nie zgadzam się;Nie zgadzam się;Nie zgadzam się;Raczej się zgadzam;Nie zgadzam się;Nie zgadzam się;Nie zgadzam się;0;Nie zgadzam się;Zgadzam się;Raczej się zgadzam;Nie zgadzam się;Zdecydowanie źle;Zdecydowanie tak;Raczej nie;Trudno powiedzieć;Raczej tak;Raczej nie;Nigdy;Zdecydowanie sprzeczne;Pozostała bez zmian;Tak, czasami;Nie;2;1;Zdecydowanie tak;Trudno powiedzieć;Nadzieją;Kobieta;2003;22;Miasto od 150 tys. do 500 tys.;III rok
Buddyzm;Raczej nie;W ogóle nie uczestniczę;Nie;Nie, wręcz szkodzą. Ponieważ mogą prowadzić do kłótni w gronie pracowników;Nie;Raczej się nie zgadzam;Raczej się zgadzam;Raczej się zgadzam;Raczej się zgadzam;Raczej się nie zgadzam;Nie zgadzam się;Nie zgadzam się;Nie zgadzam się;Nie zgadzam się;Nie zgadzam się;Nie zgadzam się;Nie zgadzam się;Nie zgadzam się;Nie zgadzam się;0;Raczej się nie zgadzam;Nie zgadzam się;Nie mam zdania;Nie mam zdania;Raczej źle;Zdecydowanie tak;Trudno powiedzieć;Trudno powiedzieć;Raczej tak;Raczej nie;Nigdy;Ani sprzeczne, ani zgodne;Pozostała bez zmian;Nie;Nie;1;1;Raczej nie;Raczej nie;Ludzi o słabej psychice uciekają w to żeby nie bać się śmierci ;Mężczyzna;2003;22;Miasto od 150 tys. do 500 tys.;III rok
Kościół rzymskokatolicki;Nie mam zdania;Rzadziej niż raz w miesiącu;Nie;Raczej nie ma znaczenia ;Tak;Zgadzam się;Zgadzam się;Raczej się zgadzam;Zgadzam się;Zgadzam się;Nie mam zdania;Nie mam zdania;Nie mam zdania;Nie mam zdania;Nie mam zdania;Nie mam zdania;Nie zgadzam się;Nie zgadzam się;Nie zgadzam się;3.125;Raczej się nie zgadzam;Raczej się nie zgadzam;Nie mam zdania;Nie mam zdania;Zdecydowanie źle;Raczej tak;Raczej tak;Trudno powiedzieć;Zdecydowanie tak;Zdecydowanie tak;Nigdy;Ani sprzeczne, ani zgodne;Pozostała bez zmian;Nie;Nie;3;3;Zdecydowanie tak;Raczej tak;Obojętnie ;Kobieta;2000;25;Wieś;IV - jednolite studia magisterskie lub I - studia II stopnia
Kościół rzymskokatolicki;Zdecydowanie nie;W ogóle nie uczestniczę;Uważam że religia jest to kwestia indywidualna i nie powinna mieć większego, o ile w ogóle mieć wpływ ma edukacje;Nie posiadam wartości związanych z religią;Nie;Zgadzam się;Zgadzam się;Raczej się zgadzam;Zgadzam się;Zgadzam się;Nie zgadzam się;Nie zgadzam się;Nie zgadzam się;Nie zgadzam się;Nie zgadzam się;Nie mam zdania;Nie zgadzam się;Nie zgadzam się;Nie zgadzam się;0;Nie zgadzam się;Nie zgadzam się;Raczej się zgadzam;Nie zgadzam się;Raczej źle;Zdecydowanie tak;Trudno powiedzieć;Raczej negatywnie;Raczej tak;Raczej nie;Nigdy;Zdecydowanie sprzeczne;Pozostała bez zmian;Nie;Nie;1;1;Raczej tak;Raczej tak;Religijność dla mnie to sposób odbierania świata i tego co dookoła w sposób adekwatny do wyznawanej religii, nasze cechy charakteru ukształtowane przez daną religie.;Kobieta;2004;21;Miasto od 150 tys. do 500 tys.;I rok
Kościół rzymskokatolicki;Nie mam zdania;Rzadziej niż raz w miesiącu;Uważam, że wiara jest kwestią indywidualną i nie powinna mieć wpływu na edukację, bo sugeruje to w co mamy wierzyć ;Nie, wiarę traktuję jako oddzielny element i nie łącze tego z pracą zawodową. ;Tak;Zgadzam się;Zgadzam się;Raczej się zgadzam;Raczej się zgadzam;Zgadzam się;Nie mam zdania;Raczej się nie zgadzam;Raczej się nie zgadzam;Nie mam zdania;Nie zgadzam się;Raczej się zgadzam;Nie zgadzam się;Nie zgadzam się;Raczej się nie zgadzam;2.1875;Raczej się zgadzam;Raczej się zgadzam;Raczej się zgadzam;Nie mam zdania;Raczej źle;Raczej tak;Raczej tak;Trudno powiedzieć;Raczej nie;Raczej nie;Rzadko;Ani sprzeczne, ani zgodne;Pozostała bez zmian;Tak, czasami;Nie;2;2;Raczej tak;Zdecydowanie tak;Głęboką wiarą, oddaniem się swojej wierze ;Kobieta;2006;19;Miasto od 150 tys. do 500 tys.;I rok
Kościół rzymskokatolicki;Raczej tak;Raz w miesiącu;Nie;Wiara pomaga uwierzyć w swoje możliwości;Nie;Zgadzam się;Zgadzam się;Raczej się zgadzam;Raczej się zgadzam;Zgadzam się;Zgadzam się;Raczej się zgadzam;Raczej się zgadzam;Raczej się zgadzam;Raczej się zgadzam;Raczej się zgadzam;Raczej się zgadzam;Nie mam zdania;Raczej się zgadzam;7.5;Nie mam zdania;Nie mam zdania;Raczej się zgadzam;Raczej się zgadzam;Trudno powiedzieć;Raczej tak;Raczej tak;Raczej pozytywnie;Raczej nie;Raczej nie;Rzadko;Ani sprzeczne, ani zgodne;Pozostała bez zmian;Rzadko;Rzadko;3;2;Raczej tak;Raczej tak;;Mężczyzna;2003;22;Miasto od 150 tys. do 500 tys.;I rok
Ateizm;Zdecydowanie nie;W ogóle nie uczestniczę;nie powinna w ogóle mieć wpływu na edukację ;nie, jestem ateistką ;Nie;Zgadzam się;Zgadzam się;Zgadzam się;Zgadzam się;Zgadzam się;Raczej się zgadzam;Nie mam zdania;Nie mam zdania;Nie mam zdania;Raczej się zgadzam;Raczej się zgadzam;Nie mam zdania;Nie mam zdania;Nie mam zdania;5.625;Raczej się zgadzam;Nie zgadzam się;Raczej się nie zgadzam;Nie mam zdania;Zdecydowanie źle;Zdecydowanie tak;Trudno powiedzieć;Zdecydowanie negatywnie;Zdecydowanie tak;Trudno powiedzieć;Nigdy;Zdecydowanie sprzeczne;Pozostała bez zmian;Rzadko;Nie;3;1;Zdecydowanie nie;Zdecydowanie nie;;Kobieta;2002;23;Miasto od 150 tys. do 500 tys.;III rok
Agnostycyzm;Raczej nie;W ogóle nie uczestniczę;Zdecydowanie nie ;Nie, sadze ze wartości religijne to podkoloryzowane wartosci etyczne;Nie;Raczej się zgadzam;Raczej się zgadzam;Raczej się zgadzam;Raczej się zgadzam;Raczej się zgadzam;Nie zgadzam się;Nie zgadzam się;Nie zgadzam się;Nie zgadzam się;Nie zgadzam się;Raczej się nie zgadzam;Nie zgadzam się;Nie zgadzam się;Nie zgadzam się;0;Nie zgadzam się;Nie zgadzam się;Raczej się zgadzam;Raczej się nie zgadzam;Raczej źle;Zdecydowanie tak;Zdecydowanie nie;Zdecydowanie negatywnie;Raczej tak;Raczej nie;Nigdy;Raczej sprzeczne;Pozostała bez zmian;Rzadko;Nie;4;1;Raczej nie;Raczej tak;;Kobieta;2002;23;Miasto do 50 tys.;IV - jednolite studia magisterskie lub I - studia II stopnia
Agnostycyzm;Raczej nie;W ogóle nie uczestniczę;nie;mogą być jako ze religia narzuca system wartości ;Nie;Zgadzam się;Zgadzam się;Zgadzam się;Raczej się zgadzam;Zgadzam się;Raczej się nie zgadzam;Nie mam zdania;Nie zgadzam się;Nie mam zdania;Nie zgadzam się;Raczej się nie zgadzam;Nie mam zdania;Nie zgadzam się;Nie mam zdania;2.8125;Nie zgadzam się;Nie zgadzam się;Nie mam zdania;Nie mam zdania;Raczej źle;Zdecydowanie tak;Raczej tak;Trudno powiedzieć;Trudno powiedzieć;Raczej nie;Nigdy;Ani sprzeczne, ani zgodne;Pozostała bez zmian;Nie;Nie;1;1;Raczej tak;Trudno powiedzieć;bezpieczny system wartości ;Mężczyzna;2003;22;Miasto od 150 tys. do 500 tys.;III rok
Kościół rzymskokatolicki;Raczej tak;Raz w tygodniu;Raczej nie;Raczej nie;Nie;Zgadzam się;Zgadzam się;Raczej się zgadzam;Zgadzam się;Zgadzam się;Zgadzam się;Nie mam zdania;Nie mam zdania;Raczej się zgadzam;Raczej się nie zgadzam;Nie mam zdania;Nie zgadzam się;Nie zgadzam się;Nie zgadzam się;3.75;Raczej się nie zgadzam;Raczej się zgadzam;Nie mam zdania;Nie mam zdania;Trudno powiedzieć;Raczej tak;Raczej tak;Trudno powiedzieć;Raczej nie;Raczej nie;Nigdy;Raczej sprzeczne;Pozostała bez zmian;Tak, czasami;Nie;1;2;Zdecydowanie tak;Zdecydowanie tak;Wiara że coś nas czeka po śmierci ;Kobieta;2002;23;Miasto od 50 tys. do 150 tys.;I rok
Ateizm;Raczej nie;W ogóle nie uczestniczę;Nie;Nie jestem religijny ;Nie;Zgadzam się;Zgadzam się;Zgadzam się;Zgadzam się;Zgadzam się;Nie zgadzam się;Nie zgadzam się;Nie zgadzam się;Nie zgadzam się;Nie zgadzam się;Raczej się nie zgadzam;Nie zgadzam się;Nie zgadzam się;Nie zgadzam się;0;Nie zgadzam się;Nie zgadzam się;Raczej się nie zgadzam;Nie zgadzam się;Zdecydowanie źle;Zdecydowanie tak;Trudno powiedzieć;Trudno powiedzieć;Trudno powiedzieć;Zdecydowanie nie;Nigdy;Zdecydowanie sprzeczne;Pozostała bez zmian;Nie;Nie;1;1;Raczej nie;Raczej tak;Wiarą w swoje przekonanie o istocie nadludzkiej ;Mężczyzna;2002;23;Wieś;III rok
Ateizm;Zdecydowanie nie;W ogóle nie uczestniczę;Nie;Nie (nie jestem religijna);Nie;Zgadzam się;Zgadzam się;Zgadzam się;Zgadzam się;Zgadzam się;Nie zgadzam się;Nie zgadzam się;Nie zgadzam się;Nie zgadzam się;Nie zgadzam się;Nie zgadzam się;Nie zgadzam się;Nie zgadzam się;Nie zgadzam się;0;Nie zgadzam się;Nie zgadzam się;Raczej się nie zgadzam;Nie zgadzam się;Zdecydowanie źle;Zdecydowanie tak;Trudno powiedzieć;Raczej negatywnie;Trudno powiedzieć;Trudno powiedzieć;Nigdy;Zdecydowanie sprzeczne;Pozostała bez zmian;Rzadko;Nie;1;1;Raczej tak;Raczej nie;Wiarą i stosowaniem się do zasad danej religii ;Kobieta;2002;23;Miasto od 150 tys. do 500 tys.;III rok
Ateizm;Zdecydowanie nie;W ogóle nie uczestniczę;Nie, mniejszy wpływ, religia w kościele ;Nie są, nie powinno mieć to w ogóle wpływu na pracę ;Nie;Zgadzam się;Zgadzam się;Raczej się zgadzam;Raczej się zgadzam;Raczej się zgadzam;Nie zgadzam się;Nie zgadzam się;Nie zgadzam się;Nie zgadzam się;Nie zgadzam się;Nie zgadzam się;Nie zgadzam się;Nie zgadzam się;Nie zgadzam się;0;Raczej się nie zgadzam;Nie zgadzam się;Nie zgadzam się;Nie zgadzam się;Zdecydowanie źle;Zdecydowanie tak;Raczej nie;Zdecydowanie negatywnie;Trudno powiedzieć;Raczej nie;Nigdy;Zdecydowanie sprzeczne;Pozostała bez zmian;Nie;Nie;1;1;Zdecydowanie nie;Raczej nie;Dobrowolnym wyborem każdego człowieka ;Kobieta;2001;24;Miasto od 150 tys. do 500 tys.;IV - jednolite studia magisterskie lub I - studia II stopnia
Kościół rzymskokatolicki;Zdecydowanie tak;Codziennie;Tak;Tak, ponieważ Religia powiązana jest z kodeksem moralno - etycznym;Tak;Raczej się zgadzam;Zgadzam się;Raczej się nie zgadzam;Nie mam zdania;Raczej się zgadzam;Zgadzam się;Zgadzam się;Zgadzam się;Zgadzam się;Zgadzam się;Zgadzam się;Zgadzam się;Zgadzam się;Zgadzam się;10;Nie zgadzam się;Nie zgadzam się;Zgadzam się;Zgadzam się;Raczej dobrze;Zdecydowanie nie;Zdecydowanie tak;Zdecydowanie pozytywnie;Raczej nie;Raczej nie;Tak, zawsze;Raczej zgodne;Tak, nie zmieniłem/zmieniłam wyznania ale moja wiara stała się silniejsza;Nie;Nie;2;2;Zdecydowanie tak;Zdecydowanie tak;Wiarą w Boga i Świętych, którzy umacniają moje życie 😇;Mężczyzna;1999;26;Miasto do 50 tys.;IV - jednolite studia magisterskie lub I - studia II stopnia
Islam;Raczej nie;W ogóle nie uczestniczę;Nie;Tak, uczciwość itp.;Nie;Zgadzam się;Zgadzam się;Zgadzam się;Zgadzam się;Raczej się zgadzam;Raczej się zgadzam;Raczej się zgadzam;Raczej się nie zgadzam;Raczej się nie zgadzam;Raczej się nie zgadzam;Raczej się zgadzam;Zgadzam się;Nie zgadzam się;Nie mam zdania;4.6875;Raczej się nie zgadzam;Nie mam zdania;Zgadzam się;Nie mam zdania;Trudno powiedzieć;Trudno powiedzieć;Raczej tak;Trudno powiedzieć;Raczej nie;Zdecydowanie nie;Rzadko;Ani sprzeczne, ani zgodne;Pozostała bez zmian;Rzadko;Nie;2;2;Raczej nie;Raczej nie;Culture;Mężczyzna;2001;24;Miasto od 150 tys. do 500 tys.;II rok
Ateizm;Raczej nie;W ogóle nie uczestniczę;nie, wręcz przeciwnie ;raczej nie? uznaje, że moja „wiara” to bardziej moje własne wartości oraz zasady na których się wychowałam ;Tak;Zgadzam się;Raczej się zgadzam;Zgadzam się;Zgadzam się;Zgadzam się;Raczej się nie zgadzam;Nie zgadzam się;Nie zgadzam się;Nie zgadzam się;Nie zgadzam się;Raczej się nie zgadzam;Nie zgadzam się;Raczej się nie zgadzam;Nie zgadzam się;0.625;Raczej się nie zgadzam;Nie mam zdania;Nie mam zdania;Nie mam zdania;Raczej źle;Zdecydowanie tak;Trudno powiedzieć;Trudno powiedzieć;Raczej tak;Raczej nie;Rzadko;Ani sprzeczne, ani zgodne;Pozostała bez zmian;Tak, czasami;Tak, często;4;4;Raczej nie;Zdecydowanie nie;na pewno może łączyć się ze spokojem ducha i możliwością zrozumienia siebie jako człowieka w świecie. osobiście uważam, że jedyne co mi zostało z mojej wiary to ukojenie w przekonaniu, że gdy umrę to nie będę po prostu ciałem w ziemi, że istnieje życie pośmiertne;Kobieta;2002;23;Wieś;IV - jednolite studia magisterskie lub I - studia II stopnia
Agnostycyzm;Raczej nie;W ogóle nie uczestniczę;nie, poniewaz jest to kwestia indywidualnej potrzeby wiary w cos.;nie sa one istotne, zwykly poziom akceptacji roznic pomiedzy ludzmi jest o wiele wazniejszy niz np poglady na swiat uwarunkowane religijnoscia (normy spoleczne>normy relgijne);Nie;Zgadzam się;Raczej się nie zgadzam;Raczej się zgadzam;Zgadzam się;Zgadzam się;Nie zgadzam się;Nie zgadzam się;Nie zgadzam się;Nie zgadzam się;Nie zgadzam się;Raczej się zgadzam;Nie zgadzam się;Nie zgadzam się;Nie zgadzam się;0;Raczej się zgadzam;Raczej się zgadzam;Raczej się zgadzam;Nie zgadzam się;Zdecydowanie źle;Zdecydowanie tak;Trudno powiedzieć;Zdecydowanie negatywnie;Raczej nie;Zdecydowanie nie;Nigdy;Zdecydowanie zgodne;Pozostała bez zmian;Rzadko;Nie;2;2;Zdecydowanie nie;Raczej tak;Osobista potrzeba dodatkowej warstwy torzamosci by jednoczesnie czuc przynaleznosc do innych jak i poczucie wiekszego spelnienia z samym soba.;Kobieta;2002;23;Miasto od 150 tys. do 500 tys.;I rok
Kościół rzymskokatolicki;Nie mam zdania;Raz w miesiącu;Nie, są to dwa obszary, które powinny działać osobno ;Nie, pracuję w miejscu na które religia nie ma wpływu ;Nie;Zgadzam się;Zgadzam się;Zgadzam się;Zgadzam się;Zgadzam się;Raczej się zgadzam;Nie mam zdania;Raczej się zgadzam;Raczej się zgadzam;Raczej się nie zgadzam;Zgadzam się;Nie zgadzam się;Nie zgadzam się;Nie zgadzam się;3.75;Nie zgadzam się;Nie zgadzam się;Nie mam zdania;Raczej się zgadzam;Raczej źle;Zdecydowanie tak;Trudno powiedzieć;Trudno powiedzieć;Raczej nie;Raczej nie;Nigdy;Ani sprzeczne, ani zgodne;Pozostała bez zmian;Nie;Nie;1;1;Raczej tak;Raczej tak;Religijność, moim zdaniem, to umiejętność przekazywania wartości związanych z religią. ;Kobieta;2002;23;Wieś;IV - jednolite studia magisterskie lub I - studia II stopnia
Kościół rzymskokatolicki;Raczej nie;W ogóle nie uczestniczę;Nie;Raczej nie. Nigdy nie myślę o religii podejmując jakiekolwiek decyzje czy to w pracy czy poza nią, nie kieruję się nią. ;Nie;Zgadzam się;Zgadzam się;Zgadzam się;Zgadzam się;Zgadzam się;Nie zgadzam się;Nie zgadzam się;Nie zgadzam się;Nie zgadzam się;Nie zgadzam się;Nie mam zdania;Nie zgadzam się;Nie zgadzam się;Nie zgadzam się;0;Raczej się nie zgadzam;Nie zgadzam się;Zgadzam się;Nie zgadzam się;Zdecydowanie źle;Zdecydowanie tak;Raczej nie;Trudno powiedzieć;Raczej tak;Raczej nie;Nigdy;Ani sprzeczne, ani zgodne;Pozostała bez zmian;Nie;Nie;1;1;Raczej tak;Trudno powiedzieć;;Kobieta;2004;21;Miasto do 50 tys.;II rok
Ateizm;Zdecydowanie nie;W ogóle nie uczestniczę;Nie ;Nie ;Nie;Raczej się zgadzam;Nie mam zdania;Raczej się zgadzam;Zgadzam się;Raczej się zgadzam;Nie zgadzam się;Nie zgadzam się;Nie zgadzam się;Nie zgadzam się;Nie zgadzam się;Raczej się nie zgadzam;Nie zgadzam się;Nie zgadzam się;Nie zgadzam się;0;Nie zgadzam się;Nie zgadzam się;Raczej się zgadzam;Nie zgadzam się;Trudno powiedzieć;Zdecydowanie tak;Trudno powiedzieć;Raczej pozytywnie;Trudno powiedzieć;Trudno powiedzieć;Nigdy;Ani sprzeczne, ani zgodne;Pozostała bez zmian;Nie;Nie;1;1;Zdecydowanie tak;Zdecydowanie nie;Wiara w wyższy byt;Mężczyzna;2001;24;Miasto od 150 tys. do 500 tys.;III rok
Ateizm;Zdecydowanie nie;W ogóle nie uczestniczę;Zdecydowanie nie;Ateizm wymaga kierowania się dowodami, argumentami naukowymi, więc takie wartości pomagają w pracy zawodowej ;Nie;Zgadzam się;Zgadzam się;Zgadzam się;Zgadzam się;Zgadzam się;Nie zgadzam się;Nie zgadzam się;Nie zgadzam się;Nie zgadzam się;Nie zgadzam się;Raczej się zgadzam;Nie zgadzam się;Nie zgadzam się;Nie zgadzam się;0;Nie zgadzam się;Nie zgadzam się;Raczej się nie zgadzam;Zgadzam się;Zdecydowanie źle;Zdecydowanie tak;Trudno powiedzieć;Trudno powiedzieć;Raczej tak;Zdecydowanie nie;Nigdy;Raczej sprzeczne;Pozostała bez zmian;Nie;Nie;1;1;Raczej nie;Raczej tak;;Kobieta;2003;22;Miasto od 150 tys. do 500 tys.;III rok
Nie należę do żadnego kościoła, uważam, że instytucje religijne przyniosły ludziom więdzej złego niż dobrego, ale wierzę w chrześcijańskiego Boga. ;Zdecydowanie tak;Codziennie;Nie, Polska jest krajem świeckim i żadna religia nie powinna mieć wpływu na edukację w szkołach;Tak, życzliwość i bezinteresowność wpływa na pozytywne relacje ze współpracownikami.  ;Nie;Zgadzam się;Zgadzam się;Raczej się zgadzam;Zgadzam się;Zgadzam się;Raczej się zgadzam;Raczej się zgadzam;Raczej się nie zgadzam;Nie mam zdania;Nie zgadzam się;Raczej się zgadzam;Nie zgadzam się;Nie zgadzam się;Nie zgadzam się;2.8125;Nie zgadzam się;Nie zgadzam się;Nie mam zdania;Nie zgadzam się;Zdecydowanie źle;Zdecydowanie tak;Zdecydowanie tak;Trudno powiedzieć;Raczej tak;Zdecydowanie nie;Nigdy;Ani sprzeczne, ani zgodne;Pozostała bez zmian;Nie;Nie;1;1;Raczej tak;Raczej tak;;Mężczyzna;2000;25;Miasto od 150 tys. do 500 tys.;III rok
Kościół rzymskokatolicki;Zdecydowanie tak;Codziennie;Nie mam zdania na ten temat;Nie są, ponieważ aktualnie nie pracuję;Tak;Raczej się zgadzam;Raczej się zgadzam;Nie mam zdania;Raczej się zgadzam;Raczej się zgadzam;Zgadzam się;Raczej się zgadzam;Raczej się zgadzam;Raczej się zgadzam;Nie mam zdania;Zgadzam się;Nie mam zdania;Nie zgadzam się;Raczej się nie zgadzam;5.625;Nie mam zdania;Nie zgadzam się;Nie mam zdania;Raczej się zgadzam;Trudno powiedzieć;Trudno powiedzieć;Trudno powiedzieć;Zdecydowanie pozytywnie;Raczej nie;Raczej tak;Rzadko;Raczej zgodne;Tak, nie zmieniłem/zmieniłam wyznania ale moja wiara stała się silniejsza;Nie;Rzadko;2;1;Zdecydowanie tak;Trudno powiedzieć;Religijność jest dla mnie przede wszystkim budowaniem relacji z Bogiem. Relacji, która opiera się na powierzeniu Mu swojego życia i spraw codzienny oraz ciągłym doskonaleniu siebie samego, doskonaleniu relacji z Nim poprzez poznawanie Go przez modlitwę, rozważanie Jego Słowa. ;Mężczyzna;2004;21;Miasto od 50 tys. do 150 tys.;II rok
Kościół rzymskokatolicki;Raczej nie;Rzadziej niż raz w miesiącu;Nie;Nie ;Nie;Zgadzam się;Zgadzam się;Raczej się zgadzam;Zgadzam się;Zgadzam się;Raczej się nie zgadzam;Raczej się nie zgadzam;Raczej się nie zgadzam;Raczej się nie zgadzam;Raczej się nie zgadzam;Nie mam zdania;Nie zgadzam się;Nie zgadzam się;Nie zgadzam się;1.5625;Zgadzam się;Zgadzam się;Zgadzam się;Raczej się nie zgadzam;Trudno powiedzieć;Zdecydowanie tak;Raczej tak;Raczej pozytywnie;Trudno powiedzieć;Raczej nie;Nigdy;Raczej sprzeczne;Tak, zmieniłem/zmieniłam wyznanie i moja wiara stała się słabsza;Tak, często;Rzadko;3;3;Zdecydowanie tak;Raczej tak;;Kobieta;2003;22;Wieś;III rok
Kościół rzymskokatolicki;Zdecydowanie nie;W ogóle nie uczestniczę;Nie;Nie;Nie;Zgadzam się;Zgadzam się;Zgadzam się;Zgadzam się;Zgadzam się;Raczej się nie zgadzam;Nie zgadzam się;Nie zgadzam się;Nie zgadzam się;Nie zgadzam się;Nie zgadzam się;Nie zgadzam się;Nie zgadzam się;Nie zgadzam się;0.3125;Nie zgadzam się;Nie zgadzam się;Raczej się zgadzam;Raczej się nie zgadzam;Trudno powiedzieć;Zdecydowanie tak;Trudno powiedzieć;Raczej pozytywnie;Raczej nie;Raczej nie;Nigdy;Ani sprzeczne, ani zgodne;Pozostała bez zmian;Nie;Nie;1;1;Trudno powiedzieć;Trudno powiedzieć;;Kobieta;1999;26;Miasto od 150 tys. do 500 tys.;IV - jednolite studia magisterskie lub I - studia II stopnia
Kościół rzymskokatolicki;Raczej tak;Raz w tygodniu;Tak ;Tak ;Tak;Zgadzam się;Zgadzam się;Zgadzam się;Zgadzam się;Zgadzam się;Zgadzam się;Raczej się zgadzam;Raczej się zgadzam;Raczej się zgadzam;Raczej się zgadzam;Raczej się zgadzam;Raczej się nie zgadzam;Raczej się nie zgadzam;Raczej się nie zgadzam;5.9375;Raczej się nie zgadzam;Nie zgadzam się;Zgadzam się;Nie mam zdania;Raczej dobrze;Trudno powiedzieć;Raczej tak;Zdecydowanie pozytywnie;Trudno powiedzieć;Raczej tak;Nigdy;Raczej zgodne;Tak, nie zmieniłem/zmieniłam wyznania ale moja wiara stała się silniejsza;Nie;Nie;1;1;Raczej tak;Zdecydowanie tak;;Kobieta;2003;22;Miasto od 150 tys. do 500 tys.;I rok
Kościół rzymskokatolicki;Raczej nie;W ogóle nie uczestniczę;Nie;Nie ma to żadnego wpływu;Nie;Zgadzam się;Zgadzam się;Zgadzam się;Zgadzam się;Zgadzam się;Nie zgadzam się;Nie zgadzam się;Nie zgadzam się;Nie zgadzam się;Nie zgadzam się;Nie zgadzam się;Raczej się zgadzam;Nie zgadzam się;Nie zgadzam się;0.9375;Nie zgadzam się;Nie zgadzam się;Nie zgadzam się;Nie zgadzam się;Raczej źle;Trudno powiedzieć;Raczej tak;Trudno powiedzieć;Raczej nie;Raczej nie;Nigdy;Raczej sprzeczne;Tak, zmieniłem/zmieniłam wyznanie i moja wiara stała się słabsza;Nie;Nie;1;1;Raczej tak;Trudno powiedzieć;;Kobieta;2004;21;Miasto do 50 tys.;II rok
Kościół rzymskokatolicki;Nie mam zdania;Rzadziej niż raz w miesiącu;nie;nie, religia to powinna być prywatna kwestia;Nie;Zgadzam się;Zgadzam się;Raczej się zgadzam;Zgadzam się;Raczej się zgadzam;Raczej się zgadzam;Raczej się zgadzam;Raczej się zgadzam;Nie mam zdania;Nie mam zdania;Raczej się zgadzam;Raczej się nie zgadzam;Nie zgadzam się;Nie zgadzam się;4.375;Nie mam zdania;Nie mam zdania;Raczej się zgadzam;Nie mam zdania;Raczej dobrze;Raczej tak;Trudno powiedzieć;Raczej pozytywnie;Zdecydowanie nie;Raczej nie;Nigdy;Raczej sprzeczne;Pozostała bez zmian;Rzadko;Nie;3;2;Raczej tak;Raczej tak;;Kobieta;2001;24;Miasto od 50 tys. do 150 tys.;V - jednolite studia magisterskie lub II - studia II stopnia
Kościół rzymskokatolicki;Zdecydowanie tak;Raz w miesiącu;Nie, uważam że religia to kwestia bardzo prywatna i nie powinna być komuś narzucana, w szczególności dzieciom które tego jeszcze nie rozumieją. ;Nie, religia jest sprawą osobistą, a spraw osobistych nie poruszam w pracy.;Nie;Zgadzam się;Zgadzam się;Zgadzam się;Zgadzam się;Zgadzam się;Zgadzam się;Raczej się zgadzam;Raczej się zgadzam;Raczej się zgadzam;Nie zgadzam się;Raczej się zgadzam;Nie zgadzam się;Nie zgadzam się;Nie zgadzam się;4.0625;Nie zgadzam się;Nie zgadzam się;Nie mam zdania;Nie mam zdania;Trudno powiedzieć;Raczej tak;Raczej tak;Trudno powiedzieć;Raczej tak;Raczej nie;Nigdy;Ani sprzeczne, ani zgodne;Pozostała bez zmian;Nie;Nie;1;1;Zdecydowanie tak;Zdecydowanie nie;Jest dla mnie wiarą, modlitwą, dobrocią rozdawaną innym,;Kobieta;2002;23;Wieś;V - jednolite studia magisterskie lub II - studia II stopnia
Kościół rzymskokatolicki;Zdecydowanie tak;Raz w tygodniu;Nie;Nie;Nie;Zgadzam się;Zgadzam się;Raczej się nie zgadzam;Raczej się zgadzam;Zgadzam się;Zgadzam się;Zgadzam się;Nie mam zdania;Nie mam zdania;Raczej się nie zgadzam;Raczej się zgadzam;Nie zgadzam się;Raczej się nie zgadzam;Raczej się nie zgadzam;4.6875;Raczej się zgadzam;Raczej się zgadzam;Raczej się zgadzam;Nie mam zdania;Trudno powiedzieć;Raczej tak;Trudno powiedzieć;Raczej pozytywnie;Trudno powiedzieć;Trudno powiedzieć;Nigdy;Ani sprzeczne, ani zgodne;Tak, nie zmieniłem/zmieniłam wyznania ale moja wiara stała się słabsza;Tak, czasami;Tak, często;3;3;Zdecydowanie tak;Zdecydowanie tak;;Kobieta;2001;24;Wieś;IV - jednolite studia magisterskie lub I - studia II stopnia
Kościół rzymskokatolicki;Raczej tak;Kilka razy w miesiącu;Tak;Tak, w mojej wierze jest 10 przekazań i trzeba się nimi kierować. Myślę, że może to pomóc w pracy ;Nie;Zgadzam się;Zgadzam się;Zgadzam się;Zgadzam się;Zgadzam się;Zgadzam się;Zgadzam się;Zgadzam się;Zgadzam się;Zgadzam się;Zgadzam się;Nie zgadzam się;Raczej się nie zgadzam;Raczej się nie zgadzam;6.875;Nie zgadzam się;Nie zgadzam się;Nie mam zdania;Zgadzam się;Trudno powiedzieć;Raczej tak;Raczej tak;Zdecydowanie pozytywnie;Trudno powiedzieć;Trudno powiedzieć;Rzadko;Ani sprzeczne, ani zgodne;Pozostała bez zmian;Nie;Nie;1;1;Raczej tak;Raczej nie;;Kobieta;2002;23;Miasto do 50 tys.;III rok
Kościół rzymskokatolicki;Zdecydowanie tak;Raz w tygodniu;Zdecydowanie tak;Raczej nie;Tak;Zgadzam się;Zgadzam się;Nie mam zdania;Raczej się zgadzam;Zgadzam się;Zgadzam się;Zgadzam się;Zgadzam się;Raczej się zgadzam;Nie mam zdania;Raczej się zgadzam;Nie mam zdania;Raczej się zgadzam;Raczej się zgadzam;7.8125;Raczej się nie zgadzam;Nie zgadzam się;Raczej się nie zgadzam;Raczej się zgadzam;Zdecydowanie źle;Trudno powiedzieć;Raczej tak;Zdecydowanie pozytywnie;Raczej nie;Raczej tak;Rzadko;Raczej sprzeczne;Pozostała bez zmian;Tak, często;Tak, czasami;3;2;Zdecydowanie tak;Raczej nie;Ścieżką postępowania ;Kobieta;2003;22;Wieś;III rok
Kościół rzymskokatolicki;Raczej tak;Rzadziej niż raz w miesiącu;Nie;Nie, religia nie powinna mieć na to wpływu ;Nie;Zgadzam się;Zgadzam się;Zgadzam się;Zgadzam się;Zgadzam się;Raczej się zgadzam;Raczej się nie zgadzam;Raczej się nie zgadzam;Raczej się nie zgadzam;Nie zgadzam się;Raczej się zgadzam;Nie zgadzam się;Nie zgadzam się;Nie zgadzam się;1.875;Nie zgadzam się;Nie zgadzam się;Raczej się zgadzam;Raczej się nie zgadzam;Zdecydowanie źle;Raczej tak;Raczej tak;Trudno powiedzieć;Zdecydowanie tak;Zdecydowanie nie;Nigdy;Raczej sprzeczne;Pozostała bez zmian;Rzadko;Rzadko;1;1;Raczej tak;Trudno powiedzieć;Oddanie wierzę ;Kobieta;2004;21;Miasto do 50 tys.;II rok
Kościół rzymskokatolicki;Raczej tak;W ogóle nie uczestniczę;Zdecydowanie NIE;Nie, pracuje w handlu ;Tak;Zgadzam się;Zgadzam się;Raczej się zgadzam;Raczej się zgadzam;Raczej się zgadzam;Nie mam zdania;Nie zgadzam się;Nie zgadzam się;Nie zgadzam się;Nie mam zdania;Nie zgadzam się;Nie zgadzam się;Nie zgadzam się;Nie zgadzam się;1.25;Nie zgadzam się;Nie zgadzam się;Raczej się zgadzam;Raczej się nie zgadzam;Raczej źle;Zdecydowanie tak;Trudno powiedzieć;Zdecydowanie pozytywnie;Raczej nie;Raczej nie;Nigdy;Raczej sprzeczne;Pozostała bez zmian;Nie;Nie;1;1;Raczej tak;Raczej tak;;Kobieta;1998;27;Wieś;III rok
Kościół rzymskokatolicki;Zdecydowanie nie;W ogóle nie uczestniczę;Absolutnie nie;Nie, nie ma to żadnego wpływu i nie powinno nigdy mieć. Z religią kojarzą mi się tylko złe cechy;Nie;Zgadzam się;Zgadzam się;Zgadzam się;Zgadzam się;Zgadzam się;Nie zgadzam się;Nie zgadzam się;Nie zgadzam się;Nie zgadzam się;Nie zgadzam się;Nie zgadzam się;Nie zgadzam się;Nie zgadzam się;Nie zgadzam się;0;Raczej się zgadzam;Raczej się zgadzam;Raczej się nie zgadzam;Nie zgadzam się;Zdecydowanie źle;Zdecydowanie tak;Raczej nie;Zdecydowanie negatywnie;Raczej tak;Trudno powiedzieć;Nigdy;Zdecydowanie sprzeczne;Pozostała bez zmian;Tak, często;Nie;1;1;Zdecydowanie tak;Raczej tak;Niczym, nie wierzę w żadną religię. Tylko i wyłącznie nauka;Kobieta;2001;24;Miasto od 50 tys. do 150 tys.;II rok
Brak;Zdecydowanie nie;W ogóle nie uczestniczę;Nie;Tak, wiara może przekładać się na większą motywację do pracy.;Nie;Zgadzam się;Zgadzam się;Nie mam zdania;Zgadzam się;Zgadzam się;Nie zgadzam się;Nie zgadzam się;Nie zgadzam się;Nie zgadzam się;Nie zgadzam się;Nie zgadzam się;Nie zgadzam się;Nie zgadzam się;Nie zgadzam się;0;Raczej się nie zgadzam;Nie zgadzam się;Nie mam zdania;Nie mam zdania;Zdecydowanie źle;Raczej tak;Raczej tak;Zdecydowanie negatywnie;Raczej tak;Raczej nie;Nigdy;Zdecydowanie sprzeczne;Pozostała bez zmian;Nie;Nie;3;1;Zdecydowanie nie;Trudno powiedzieć;;Mężczyzna;1997;28;Miasto od 150 tys. do 500 tys.;V - jednolite studia magisterskie lub II - studia II stopnia
Kościół rzymskokatolicki;Raczej nie;Rzadziej niż raz w miesiącu;Nie;Nie;Nie;Zgadzam się;Zgadzam się;Zgadzam się;Zgadzam się;Raczej się zgadzam;Raczej się nie zgadzam;Nie zgadzam się;Raczej się nie zgadzam;Nie zgadzam się;Nie zgadzam się;Nie zgadzam się;Nie zgadzam się;Nie zgadzam się;Nie zgadzam się;0.625;Nie zgadzam się;Nie zgadzam się;Nie zgadzam się;Nie zgadzam się;Raczej źle;Zdecydowanie tak;Trudno powiedzieć;Raczej negatywnie;Raczej tak;Trudno powiedzieć;Nigdy;Zdecydowanie sprzeczne;Pozostała bez zmian;Nie;Nie;1;1;Raczej nie;Raczej nie;;Kobieta;2000;25;Miasto do 50 tys.;V - jednolite studia magisterskie lub II - studia II stopnia
Agnostycyzm;Raczej nie;W ogóle nie uczestniczę;Nie. Zamiast religii w szkole powinna być religioznawstwo, aby zapoznać się z innymi religiami ;Nie, nie ma nic wspólnego;Nie;Raczej się zgadzam;Zgadzam się;Zgadzam się;Raczej się zgadzam;Zgadzam się;Raczej się nie zgadzam;Nie zgadzam się;Nie zgadzam się;Nie zgadzam się;Nie zgadzam się;Raczej się nie zgadzam;Nie zgadzam się;Nie zgadzam się;Nie zgadzam się;0.3125;Raczej się nie zgadzam;Nie zgadzam się;Raczej się nie zgadzam;Raczej się zgadzam;Raczej źle;Zdecydowanie tak;Zdecydowanie tak;Raczej negatywnie;Raczej tak;Raczej nie;Nigdy;Raczej sprzeczne;Pozostała bez zmian;Nie;Nie;2;2;Zdecydowanie nie;Zdecydowanie nie;Głęboką wiarą w coś (/kogoś);Kobieta;2004;21;Miasto powyżej 500 tys.;II rok
Kościół rzymskokatolicki;Raczej nie;W ogóle nie uczestniczę;nie;nie;Nie;Zgadzam się;Zgadzam się;Zgadzam się;Zgadzam się;Zgadzam się;Nie mam zdania;Raczej się nie zgadzam;Raczej się nie zgadzam;Raczej się nie zgadzam;Raczej się nie zgadzam;Nie zgadzam się;Nie zgadzam się;Nie zgadzam się;Nie zgadzam się;1.875;Nie zgadzam się;Nie zgadzam się;Nie zgadzam się;Nie zgadzam się;Zdecydowanie źle;Zdecydowanie tak;Raczej tak;Trudno powiedzieć;Raczej tak;Raczej nie;Nigdy;Ani sprzeczne, ani zgodne;Pozostała bez zmian;Nie;Nie;1;1;Trudno powiedzieć;Trudno powiedzieć;czczenie boga, kult;Kobieta;2004;21;Wieś;II rok
Kościół rzymskokatolicki;Zdecydowanie tak;Kilka razy w tygodniu;NIE;Tak. Dobrze przeprowadzona formacja religijna daje wartości moralne, dzięki którym jest się w stanie efektywniej pracować i lepiej funkcjonować w społeczeństwie.;Nie chcę odpowiadać;Zgadzam się;Zgadzam się;Raczej się zgadzam;Zgadzam się;Zgadzam się;Zgadzam się;Zgadzam się;Zgadzam się;Zgadzam się;Nie mam zdania;Raczej się zgadzam;Nie zgadzam się;Nie zgadzam się;Nie zgadzam się;5.625;Zgadzam się;Nie zgadzam się;Raczej się zgadzam;Zgadzam się;Raczej źle;Zdecydowanie tak;Raczej tak;Raczej pozytywnie;Zdecydowanie nie;Zdecydowanie tak;Rzadko;Ani sprzeczne, ani zgodne;Pozostała bez zmian;Nie;Tak, zawsze;1;1;Raczej nie;Raczej nie;Uczestniczenie w praktykach religijnych, osobista codzienna modlitwa, działania charytatywne, obrona wartości moralnych, pogłębianie wiedzy dlaczego Kościół ma taką a nie inną doktrynę, krytyka błędów instytucji Kościoła, konstruktywny dialog z władzami Kościoła;Mężczyzna;1999;26;Miasto od 50 tys. do 150 tys.;V - jednolite studia magisterskie lub II - studia II stopnia
Kościół rzymskokatolicki;Zdecydowanie tak;Codziennie;Tak;Tak;Tak;Zgadzam się;Zgadzam się;Raczej się zgadzam;Raczej się zgadzam;Zgadzam się;Zgadzam się;Zgadzam się;Zgadzam się;Zgadzam się;Zgadzam się;Zgadzam się;Raczej się zgadzam;Zgadzam się;Zgadzam się;9.6875;Zgadzam się;Raczej się zgadzam;Zgadzam się;Zgadzam się;Zdecydowanie dobrze;Trudno powiedzieć;Zdecydowanie tak;Zdecydowanie pozytywnie;Zdecydowanie nie;Zdecydowanie nie;Rzadko;Ani sprzeczne, ani zgodne;Pozostała bez zmian;Nie;Nie;3;1;Zdecydowanie nie;Zdecydowanie nie;Wiara w Boga ;Kobieta;1977;48;Miasto powyżej 500 tys.;V - jednolite studia magisterskie lub II - studia II stopnia
Kościół rzymskokatolicki;Zdecydowanie nie;Rzadziej niż raz w miesiącu;nie;nie;Tak;Zgadzam się;Zgadzam się;Zgadzam się;Zgadzam się;Zgadzam się;Raczej się zgadzam;Raczej się zgadzam;Raczej się zgadzam;Raczej się zgadzam;Raczej się zgadzam;Raczej się zgadzam;Nie zgadzam się;Raczej się zgadzam;Raczej się zgadzam;6.5625;Nie zgadzam się;Nie zgadzam się;Nie zgadzam się;Zgadzam się;Trudno powiedzieć;Zdecydowanie tak;Raczej nie;Raczej negatywnie;Raczej tak;Raczej tak;Rzadko;Raczej zgodne;Tak, nie zmieniłem/zmieniłam wyznania ale moja wiara stała się silniejsza;Tak, czasami;Tak, czasami;1;2;Raczej nie;Raczej nie;;Mężczyzna;2001;24;Wieś;V - jednolite studia magisterskie lub II - studia II stopnia
Kościół rzymskokatolicki;Zdecydowanie nie;Rzadziej niż raz w miesiącu;Nie;Nie, dopiero studiuję;Tak;Zgadzam się;Zgadzam się;Raczej się zgadzam;Zgadzam się;Nie mam zdania;Raczej się nie zgadzam;Nie zgadzam się;Nie zgadzam się;Nie zgadzam się;Nie zgadzam się;Nie zgadzam się;Nie zgadzam się;Nie zgadzam się;Nie zgadzam się;0.3125;Nie zgadzam się;Nie zgadzam się;Nie zgadzam się;Nie zgadzam się;Zdecydowanie źle;Zdecydowanie tak;Trudno powiedzieć;Trudno powiedzieć;Raczej tak;Zdecydowanie nie;Nigdy;Ani sprzeczne, ani zgodne;Tak, nie zmieniłem/zmieniłam wyznania ale moja wiara stała się słabsza;Nie;Nie;1;3;Trudno powiedzieć;Trudno powiedzieć;;Kobieta;2002;23;Miasto od 150 tys. do 500 tys.;IV - jednolite studia magisterskie lub I - studia II stopnia
Agnostycyzm;Raczej nie;W ogóle nie uczestniczę;Absolutnie nie;Nie są w ogóle;Nie;Zgadzam się;Zgadzam się;Raczej się zgadzam;Raczej się zgadzam;Zgadzam się;Nie mam zdania;Nie zgadzam się;Nie zgadzam się;Nie zgadzam się;Nie zgadzam się;Nie zgadzam się;Nie zgadzam się;Nie zgadzam się;Nie zgadzam się;0.625;Nie zgadzam się;Nie zgadzam się;Nie mam zdania;Raczej się nie zgadzam;Zdecydowanie źle;Zdecydowanie tak;Trudno powiedzieć;Trudno powiedzieć;Raczej tak;Raczej tak;Nigdy;Ani sprzeczne, ani zgodne;Pozostała bez zmian;Nie;Nie;1;1;Raczej tak;Raczej nie;;Mężczyzna;1995;30;Miasto od 150 tys. do 500 tys.;V - jednolite studia magisterskie lub II - studia II stopnia
Ateizm;Zdecydowanie nie;W ogóle nie uczestniczę;Nie powinna mieć go wcale ;Nie, religia ogłupia ludzi;Nie;Zgadzam się;Zgadzam się;Zgadzam się;Zgadzam się;Zgadzam się;Nie zgadzam się;Nie zgadzam się;Nie zgadzam się;Nie zgadzam się;Nie zgadzam się;Nie zgadzam się;Nie zgadzam się;Nie zgadzam się;Nie zgadzam się;0;Nie zgadzam się;Nie zgadzam się;Nie mam zdania;Zgadzam się;Zdecydowanie źle;Zdecydowanie tak;Raczej tak;Zdecydowanie negatywnie;Zdecydowanie nie;Zdecydowanie nie;Nigdy;Zdecydowanie sprzeczne;Pozostała bez zmian;Nie;Nie;1;1;Raczej tak;Zdecydowanie nie;Wariactwem;Kobieta;2004;21;Miasto powyżej 500 tys.;II rok
Kościół rzymskokatolicki;Raczej tak;Rzadziej niż raz w miesiącu;Nie;Nie, moja religia nie ma żadnego wpływu na moją pracę zawodową. Czasem tylko utrudnia mi uczestniczenie w niedzielnej mszy świętej, że względu na pracę w weekendy.;Nie;Zgadzam się;Zgadzam się;Zgadzam się;Zgadzam się;Zgadzam się;Zgadzam się;Raczej się zgadzam;Raczej się nie zgadzam;Raczej się nie zgadzam;Nie zgadzam się;Raczej się zgadzam;Raczej się zgadzam;Raczej się nie zgadzam;Nie zgadzam się;4.0625;Raczej się zgadzam;Raczej się nie zgadzam;Raczej się zgadzam;Zgadzam się;Trudno powiedzieć;Raczej tak;Raczej tak;Raczej pozytywnie;Raczej tak;Zdecydowanie nie;Nigdy;Zdecydowanie sprzeczne;Tak, nie zmieniłem/zmieniłam wyznania ale moja wiara stała się słabsza;Rzadko;Nie;3;1;Zdecydowanie tak;Zdecydowanie tak;Częścią mnie, ponieważ dzięki niej staram się być dobrym człowiekiem.;Kobieta;1999;26;Miasto od 50 tys. do 150 tys.;V - jednolite studia magisterskie lub II - studia II stopnia
Ateizm;Zdecydowanie nie;W ogóle nie uczestniczę;Oczywiście, że nie. Skoro jesteśmy państwem demokratycznym to i świeckim. Nie możemy mieszać religijności z edukacja. Osoby przynależące do jakiegoś kościoła mogą z łatwością uczestniczyć w scholach czy specjalnych salkach katechetycznych przy kościele.;Nie jestem geografem wogóle nie jest to przydatne;Nie;Zgadzam się;Zgadzam się;Zgadzam się;Zgadzam się;Zgadzam się;Nie zgadzam się;Nie zgadzam się;Nie zgadzam się;Nie zgadzam się;Nie zgadzam się;Nie zgadzam się;Nie zgadzam się;Nie zgadzam się;Nie zgadzam się;0;Nie zgadzam się;Nie zgadzam się;Nie zgadzam się;Nie zgadzam się;Zdecydowanie źle;Zdecydowanie tak;Raczej tak;Raczej negatywnie;Zdecydowanie tak;Zdecydowanie nie;Nigdy;Zdecydowanie sprzeczne;Pozostała bez zmian;Nie;Nie;1;1;Raczej tak;Raczej nie;Religijność to  pewnego rodzaju cecha, która mogą a nie muszą mieć osoby wierzące, które utożsamiają się że swoją wiara i ograniczeniami jakie dana wiara im przedstawia;Kobieta;2002;23;Miasto do 50 tys.;IV - jednolite studia magisterskie lub I - studia II stopnia
Agnostycyzm;Zdecydowanie nie;W ogóle nie uczestniczę;Nie;Nie;Tak;Zgadzam się;Zgadzam się;Zgadzam się;Zgadzam się;Zgadzam się;Nie zgadzam się;Nie zgadzam się;Nie zgadzam się;Nie zgadzam się;Nie zgadzam się;Raczej się zgadzam;Nie zgadzam się;Raczej się zgadzam;Raczej się zgadzam;1.875;Raczej się zgadzam;Nie zgadzam się;Nie zgadzam się;Raczej się nie zgadzam;Zdecydowanie źle;Zdecydowanie tak;Zdecydowanie nie;Zdecydowanie negatywnie;Zdecydowanie tak;Raczej nie;Nigdy;Zdecydowanie sprzeczne;Pozostała bez zmian;Nie;Nie;1;1;Zdecydowanie nie;Zdecydowanie nie;;Kobieta;2002;23;Miasto od 150 tys. do 500 tys.;V - jednolite studia magisterskie lub II - studia II stopnia
Agnostycyzm;Zdecydowanie nie;W ogóle nie uczestniczę;Zdecydowanie nie;Nie, religijność pracownika w zdecydowanej większości zawodów nie jest w żaden sposób przydatna i nie powinna mieć wpływu na sposób wykonywania pracy, czy postrzegania klienta lub usługobiorcy.;Nie;Zgadzam się;Zgadzam się;Zgadzam się;Zgadzam się;Zgadzam się;Raczej się nie zgadzam;Raczej się nie zgadzam;Nie zgadzam się;Raczej się nie zgadzam;Nie zgadzam się;Raczej się zgadzam;Nie zgadzam się;Nie zgadzam się;Nie zgadzam się;0.9375;Nie zgadzam się;Nie zgadzam się;Raczej się zgadzam;Nie mam zdania;Zdecydowanie źle;Zdecydowanie tak;Trudno powiedzieć;Raczej negatywnie;Raczej tak;Zdecydowanie nie;Nigdy;Raczej sprzeczne;Pozostała bez zmian;Nie;Tak, czasami;1;1;Raczej tak;Raczej tak;Życie według utwierdzeń jednej wyznawanej religii, z dużym naciskiem na wysoki wpływ tej religii na większość dokonywanych wyborów i aspektów życiowych.;Kobieta;2000;25;Miasto od 150 tys. do 500 tys.;V - jednolite studia magisterskie lub II - studia II stopnia
Kościół rzymskokatolicki;Zdecydowanie tak;Raz w tygodniu;Tak, ponieważ założenia religii są dobre. Opiera się na szerzeniu dobra i szacunku dla innych osób, pomocy słabszym. ;Tak, ponieważ staram się być zawsze dobra i sprawiedliwa, co wpływa pozytywnie na współpracowników. ;Tak;Zgadzam się;Zgadzam się;Nie mam zdania;Raczej się zgadzam;Raczej się zgadzam;Zgadzam się;Raczej się zgadzam;Raczej się zgadzam;Nie mam zdania;Raczej się nie zgadzam;Zgadzam się;Raczej się nie zgadzam;Nie mam zdania;Nie mam zdania;5.625;Nie mam zdania;Nie zgadzam się;Nie mam zdania;Zgadzam się;Zdecydowanie dobrze;Zdecydowanie nie;Zdecydowanie tak;Zdecydowanie pozytywnie;Zdecydowanie nie;Trudno powiedzieć;Nigdy;Ani sprzeczne, ani zgodne;Pozostała bez zmian;Nie;Nie;2;1;Zdecydowanie tak;Zdecydowanie tak;Podstawą wartości, którymi chce się kierować ;Kobieta;2000;25;Miasto do 50 tys.;V - jednolite studia magisterskie lub II - studia II stopnia
Ateizm;Zdecydowanie nie;W ogóle nie uczestniczę;Absolutnie nie ;Nie posiadam ;Nie;Zgadzam się;Zgadzam się;Zgadzam się;Zgadzam się;Zgadzam się;Nie zgadzam się;Nie zgadzam się;Nie zgadzam się;Nie zgadzam się;Nie zgadzam się;Nie zgadzam się;Nie zgadzam się;Nie zgadzam się;Nie zgadzam się;0;Raczej się zgadzam;Raczej się zgadzam;Nie mam zdania;Nie mam zdania;Trudno powiedzieć;Zdecydowanie tak;Zdecydowanie nie;Zdecydowanie negatywnie;Zdecydowanie tak;Zdecydowanie nie;Nigdy;Zdecydowanie sprzeczne;Pozostała bez zmian;Tak, często;Nie;1;1;Zdecydowanie tak;Trudno powiedzieć;Stratą czasu :D;Kobieta;2003;22;Miasto od 50 tys. do 150 tys.;II rok
Kościół rzymskokatolicki;Zdecydowanie nie;W ogóle nie uczestniczę;Nie;Nie;Nie;Zgadzam się;Zgadzam się;Zgadzam się;Zgadzam się;Zgadzam się;Raczej się nie zgadzam;Nie zgadzam się;Nie zgadzam się;Nie zgadzam się;Nie zgadzam się;Raczej się zgadzam;Nie zgadzam się;Nie zgadzam się;Nie zgadzam się;0.3125;Raczej się nie zgadzam;Raczej się zgadzam;Nie mam zdania;Nie zgadzam się;Raczej źle;Raczej tak;Raczej tak;Raczej negatywnie;Raczej tak;Raczej nie;Nigdy;Zdecydowanie sprzeczne;Pozostała bez zmian;Rzadko;Nie;4;2;Trudno powiedzieć;Trudno powiedzieć;;Kobieta;2004;21;Wieś;II rok
Kościół prawosławny;Nie mam zdania;W ogóle nie uczestniczę;Nie;.;Nie;Zgadzam się;Zgadzam się;Raczej się zgadzam;Raczej się zgadzam;Zgadzam się;Raczej się nie zgadzam;Raczej się nie zgadzam;Raczej się nie zgadzam;Raczej się nie zgadzam;Nie zgadzam się;Raczej się zgadzam;Raczej się nie zgadzam;Raczej się nie zgadzam;Raczej się nie zgadzam;2.1875;Raczej się nie zgadzam;Raczej się nie zgadzam;Nie mam zdania;Nie mam zdania;Trudno powiedzieć;Raczej tak;Raczej nie;Trudno powiedzieć;Raczej nie;Raczej nie;Nigdy;Ani sprzeczne, ani zgodne;Pozostała bez zmian;Nie;Nie;2;3;Raczej tak;Trudno powiedzieć;wiara ;Kobieta;2004;21;Miasto od 150 tys. do 500 tys.;III rok
Kościół rzymskokatolicki;Zdecydowanie tak;Kilka razy w tygodniu;Nie ;Nie ;Nie;Zgadzam się;Zgadzam się;Zgadzam się;Zgadzam się;Zgadzam się;Zgadzam się;Raczej się zgadzam;Nie mam zdania;Zgadzam się;Nie zgadzam się;Raczej się zgadzam;Nie zgadzam się;Nie mam zdania;Nie mam zdania;5.3125;Nie mam zdania;Nie zgadzam się;Nie mam zdania;Nie mam zdania;Trudno powiedzieć;Raczej tak;Trudno powiedzieć;Trudno powiedzieć;Zdecydowanie nie;Zdecydowanie nie;Nigdy;Ani sprzeczne, ani zgodne;Pozostała bez zmian;Nie;Nie;1;1;Trudno powiedzieć;Zdecydowanie tak;Osobista droga ;Kobieta;2004;21;Miasto do 50 tys.;II rok
Ateizm;Zdecydowanie nie;W ogóle nie uczestniczę;Nie;Nie;Nie;Zgadzam się;Zgadzam się;Zgadzam się;Zgadzam się;Zgadzam się;Nie zgadzam się;Nie zgadzam się;Nie zgadzam się;Nie zgadzam się;Nie zgadzam się;Nie zgadzam się;Nie zgadzam się;Nie zgadzam się;Nie zgadzam się;0;Nie zgadzam się;Nie zgadzam się;Nie zgadzam się;Nie zgadzam się;Raczej źle;Zdecydowanie tak;Zdecydowanie tak;Raczej negatywnie;Raczej tak;Trudno powiedzieć;Nigdy;Zdecydowanie sprzeczne;Pozostała bez zmian;Nie;Nie;1;1;Zdecydowanie nie;Raczej tak;Oznaką przedpotopowego myślenia i głupotą;Kobieta;2003;22;Miasto od 150 tys. do 500 tys.;III rok
Kościół rzymskokatolicki;Raczej nie;W ogóle nie uczestniczę;Nie;Nie;Nie;Zgadzam się;Zgadzam się;Raczej się zgadzam;Zgadzam się;Raczej się zgadzam;Nie zgadzam się;Nie zgadzam się;Nie zgadzam się;Nie zgadzam się;Nie zgadzam się;Nie zgadzam się;Nie zgadzam się;Nie zgadzam się;Nie zgadzam się;0;Raczej się zgadzam;Raczej się zgadzam;Raczej się zgadzam;Nie zgadzam się;Zdecydowanie źle;Zdecydowanie tak;Raczej nie;Raczej negatywnie;Zdecydowanie tak;Zdecydowanie nie;Nigdy;Raczej sprzeczne;Pozostała bez zmian;Tak, często;Nie;1;1;Zdecydowanie tak;Trudno powiedzieć;;Kobieta;2002;23;Miasto do 50 tys.;III rok
Kościół rzymskokatolicki;Raczej tak;Raz w tygodniu;Nie;Nie;Nie;Zgadzam się;Zgadzam się;Raczej się zgadzam;Zgadzam się;Zgadzam się;Zgadzam się;Zgadzam się;Nie mam zdania;Raczej się zgadzam;Nie mam zdania;Zgadzam się;Raczej się zgadzam;Raczej się nie zgadzam;Raczej się nie zgadzam;6.25;Raczej się nie zgadzam;Nie zgadzam się;Raczej się zgadzam;Raczej się zgadzam;Trudno powiedzieć;Trudno powiedzieć;Raczej tak;Raczej pozytywnie;Raczej nie;Raczej nie;Nigdy;Ani sprzeczne, ani zgodne;Pozostała bez zmian;Rzadko;Nie;2;1;Zdecydowanie tak;Zdecydowanie tak;Podążanie za wiarą i życie zgodnie z jej przekonaniami;Mężczyzna;2003;22;Miasto do 50 tys.;III rok
Kościół rzymskokatolicki;Zdecydowanie nie;W ogóle nie uczestniczę;absolutnie nie ;nie;Nie;Zgadzam się;Zgadzam się;Zgadzam się;Zgadzam się;Zgadzam się;Nie zgadzam się;Nie zgadzam się;Nie zgadzam się;Nie zgadzam się;Nie zgadzam się;Raczej się zgadzam;Nie zgadzam się;Nie zgadzam się;Nie zgadzam się;0;Nie zgadzam się;Nie zgadzam się;Raczej się nie zgadzam;Nie zgadzam się;Trudno powiedzieć;Zdecydowanie tak;Raczej tak;Raczej pozytywnie;Raczej nie;Raczej nie;Nigdy;Ani sprzeczne, ani zgodne;Pozostała bez zmian;Nie;Nie;2;1;Raczej nie;Raczej nie;;Kobieta;2004;21;Miasto od 50 tys. do 150 tys.;II rok
Przekonania własne, niepodlegające konkretnej społeczności o charakterze religijnym.;Zdecydowanie tak;W ogóle nie uczestniczę;Tak, istotność duchowości powinna mieć większy wpływ, jednakże nienastawiona na konkretne wyznanie.;Obecnie nie pracuję.;Nie;Zgadzam się;Zgadzam się;Raczej się nie zgadzam;Raczej się zgadzam;Zgadzam się;Zgadzam się;Zgadzam się;Zgadzam się;Zgadzam się;Zgadzam się;Raczej się zgadzam;Raczej się nie zgadzam;Raczej się nie zgadzam;Nie mam zdania;7.5;Raczej się nie zgadzam;Nie zgadzam się;Raczej się zgadzam;Raczej się zgadzam;Zdecydowanie dobrze;Trudno powiedzieć;Zdecydowanie tak;Zdecydowanie pozytywnie;Zdecydowanie nie;Trudno powiedzieć;Tak, często;Zdecydowanie zgodne;Pozostała bez zmian;Tak, czasami;Rzadko;1;1;Raczej tak;Trudno powiedzieć;Rozwojem na tle prawdziwej natury umysłu oraz ludzkiej egzystencji...;Mężczyzna;2004;21;Miasto do 50 tys.;II rok
Kościół rzymskokatolicki;Raczej tak;Rzadziej niż raz w miesiącu;Tak;Tak nauki i zasady;Tak;Zgadzam się;Zgadzam się;Zgadzam się;Zgadzam się;Zgadzam się;Nie mam zdania;Nie mam zdania;Nie mam zdania;Nie mam zdania;Nie mam zdania;Zgadzam się;Nie zgadzam się;Nie zgadzam się;Nie zgadzam się;3.125;Nie zgadzam się;Nie zgadzam się;Raczej się zgadzam;Zgadzam się;Zdecydowanie dobrze;Zdecydowanie nie;Zdecydowanie tak;Zdecydowanie pozytywnie;Zdecydowanie nie;Zdecydowanie tak;Nigdy;Ani sprzeczne, ani zgodne;Pozostała bez zmian;Nie;Nie;1;1;Raczej tak;Raczej tak;;Mężczyzna;2000;25;Miasto od 150 tys. do 500 tys.;IV - jednolite studia magisterskie lub I - studia II stopnia
Kościół rzymskokatolicki;Zdecydowanie nie;W ogóle nie uczestniczę;Całkowicie nie, religia powinna być w kościołach. Edukacja to faktycznie w religi jest tylko wiara brak faktów ;Religia nie powinna być w ogóle brana pod uwagę jeśli chodzi o pracę. W pracy powinny się liczyć kompetencje a życie prywatne nie powinno mieć nic do tego. Nie wyobrażam sobie żebym była tak czy inaczej postrzegana przez religię ;Tak;Zgadzam się;Zgadzam się;Zgadzam się;Zgadzam się;Zgadzam się;Raczej się nie zgadzam;Nie zgadzam się;Nie zgadzam się;Nie zgadzam się;Nie zgadzam się;Raczej się zgadzam;Nie zgadzam się;Nie zgadzam się;Nie zgadzam się;0.3125;Nie zgadzam się;Nie zgadzam się;Raczej się nie zgadzam;Nie zgadzam się;Zdecydowanie źle;Zdecydowanie tak;Raczej tak;Trudno powiedzieć;Raczej tak;Raczej tak;Nigdy;Zdecydowanie sprzeczne;Pozostała bez zmian;Nie;Nie;1;1;Raczej nie;Raczej tak;W Polsce? Kłamstwem, hipokryzją ;Kobieta;2002;23;Miasto powyżej 500 tys.;III rok
Ateizm;Zdecydowanie nie;W ogóle nie uczestniczę;Nie;Nie;Nie;Zgadzam się;Zgadzam się;Zgadzam się;Zgadzam się;Zgadzam się;Nie zgadzam się;Nie zgadzam się;Nie zgadzam się;Nie zgadzam się;Nie zgadzam się;Nie mam zdania;Nie zgadzam się;Nie zgadzam się;Nie zgadzam się;0;Nie zgadzam się;Nie zgadzam się;Nie mam zdania;Nie mam zdania;Zdecydowanie źle;Zdecydowanie tak;Zdecydowanie nie;Raczej negatywnie;Zdecydowanie tak;Zdecydowanie nie;Nigdy;Raczej sprzeczne;Pozostała bez zmian;Nie;Nie;1;1;Raczej tak;Zdecydowanie nie;;Mężczyzna;2003;22;Miasto od 150 tys. do 500 tys.;III rok
Ateizm;Zdecydowanie nie;W ogóle nie uczestniczę;zdecydowanie nie;nie;Nie;Zgadzam się;Raczej się zgadzam;Zgadzam się;Zgadzam się;Zgadzam się;Nie zgadzam się;Nie zgadzam się;Nie zgadzam się;Nie zgadzam się;Nie zgadzam się;Nie zgadzam się;Nie zgadzam się;Nie zgadzam się;Nie zgadzam się;0;Nie zgadzam się;Nie zgadzam się;Raczej się nie zgadzam;Nie mam zdania;Zdecydowanie źle;Zdecydowanie tak;Zdecydowanie nie;Zdecydowanie negatywnie;Raczej tak;Raczej nie;Nigdy;Zdecydowanie sprzeczne;Pozostała bez zmian;Nie;Nie;1;1;Raczej tak;Raczej tak;;Kobieta;2002;23;Miasto powyżej 500 tys.;IV - jednolite studia magisterskie lub I - studia II stopnia
Agnostycyzm;Zdecydowanie nie;W ogóle nie uczestniczę;Nie;Nie. Jestem osobą niewierzącą;Nie;Zgadzam się;Zgadzam się;Zgadzam się;Zgadzam się;Raczej się zgadzam;Nie zgadzam się;Nie zgadzam się;Nie zgadzam się;Nie zgadzam się;Nie zgadzam się;Nie mam zdania;Nie zgadzam się;Nie zgadzam się;Nie zgadzam się;0;Nie zgadzam się;Nie zgadzam się;Nie mam zdania;Nie zgadzam się;Trudno powiedzieć;Zdecydowanie tak;Trudno powiedzieć;Raczej negatywnie;Raczej tak;Raczej nie;Nigdy;Raczej sprzeczne;Pozostała bez zmian;Nie;Nie;1;1;Trudno powiedzieć;Raczej tak;Osobiście niczym. Ale ogólnie odbieram ją jako indywidualne preferencje dotyczące praktykowania danej wiary.;Mężczyzna;2002;23;Miasto do 50 tys.;II rok
Kościół rzymskokatolicki;Zdecydowanie tak;Codziennie;Wierzę, że religia jest nieodłącznym elementem edukacji, a także duchowego i kulturowego wychowania młodzieży. Z tego powodu nie powinna być zaniedbywana.;Uważam, że wartości i nauki Jezusa Chrystusa są przydane w ludzkiej egzystencji, nie tylko w poprawnym funkcjonowaniu w społeczeństwie, ale również w indywidualnym odczuciu. Co do pracy zawodowej, znajomość wartości i zasad religijnych może pomóc w uniknięciu konfliktów i zrozumienia postępowania innych.;Tak;Zgadzam się;Zgadzam się;Nie mam zdania;Raczej się zgadzam;Raczej się zgadzam;Zgadzam się;Zgadzam się;Zgadzam się;Zgadzam się;Raczej się zgadzam;Zgadzam się;Nie mam zdania;Raczej się zgadzam;Nie mam zdania;8.125;Raczej się zgadzam;Nie zgadzam się;Nie mam zdania;Zgadzam się;Zdecydowanie dobrze;Raczej nie;Zdecydowanie tak;Zdecydowanie pozytywnie;Raczej nie;Raczej nie;Tak, zawsze;Zdecydowanie zgodne;Tak, nie zmieniłem/zmieniłam wyznania ale moja wiara stała się silniejsza;Nie;Tak, czasami;2;1;Raczej tak;Raczej tak;Religijność dla mnie to złożony system przekonań, praktyk i doświadczeń, który umożliwia refleksję nad transcendentalnymi aspektami rzeczywistości. Oznacza to również zarówno indywidualne poszukiwanie duchowego wymiaru życia, jak i uczestnictwo w tradycjach kulturowych, które nadają sens ludzkiej egzystencji.;Kobieta;2000;25;Miasto do 50 tys.;IV - jednolite studia magisterskie lub I - studia II stopnia
Kościół rzymskokatolicki;Raczej tak;Codziennie;Myślę, że już ma. kultura chrześcijańska zatem i religia ma przecież wpływ na kulturę i edukację w Polsce. ;Ja przez to że się modlę mam w sobie duży pokój i nadzieję. Modlitwa osobista i Medytacja zachowuje mnie w zdrowiu, więc jeżeli chodzi o mój zawód w środowisku, w którym mogłabym się łatwo zarazić jakąś chorobą, pozostaję zdrowa i w środowisku, w którym występuje duża presja dzielę się swoją radością i entuzjazmem z innymi biorę, czyli wiara mnie odporną. Poza tym pracuję dla parafii przygotowując młodzież do sakramentu bierzmowania oraz pracuję dla Wspólnoty katolickiej, również formując młodzież - jeśli o to chodziło w tym pytaniu.;Tak;Zgadzam się;Zgadzam się;Zgadzam się;Zgadzam się;Zgadzam się;Zgadzam się;Zgadzam się;Zgadzam się;Zgadzam się;Zgadzam się;Raczej się zgadzam;Zgadzam się;Zgadzam się;Zgadzam się;10;Nie zgadzam się;Nie zgadzam się;Nie mam zdania;Zgadzam się;Raczej dobrze;Raczej nie;Trudno powiedzieć;Zdecydowanie pozytywnie;Raczej nie;Raczej tak;Tak, często;Raczej zgodne;Tak, nie zmieniłem/zmieniłam wyznania ale moja wiara stała się silniejsza;Rzadko;Nie;2;1;Zdecydowanie tak;Zdecydowanie tak;Zaangażowaniem w przekonania i praktyki danej religii i nie jest wiarą. Wiara jest relacją z żywą osobą.;Kobieta;2001;24;Miasto powyżej 500 tys.;IV - jednolite studia magisterskie lub I - studia II stopnia
Kościół rzymskokatolicki;Raczej tak;Codziennie;Nie;Tak moralność i sumienie zapraszają nas do troski o innych wbrew nam samym jest to nienaturalne a jednak sprawia że jesteśmy lepszymi ludźmi przyjaciółmi studentami pracownikami;Tak;Zgadzam się;Zgadzam się;Raczej się zgadzam;Zgadzam się;Zgadzam się;Zgadzam się;Raczej się zgadzam;Raczej się zgadzam;Nie mam zdania;Nie mam zdania;Nie mam zdania;Nie mam zdania;Raczej się nie zgadzam;Raczej się zgadzam;6.25;Raczej się nie zgadzam;Nie zgadzam się;Nie mam zdania;Raczej się zgadzam;Trudno powiedzieć;Trudno powiedzieć;Raczej nie;Raczej pozytywnie;Raczej nie;Raczej nie;Rzadko;Zdecydowanie zgodne;Pozostała bez zmian;Rzadko;Tak, czasami;2;1;Trudno powiedzieć;Raczej nie;Religijność to nie wiara religijność to wypełnianie praktyk religijnych okazywanie kultu ;Mężczyzna;2002;23;Miasto od 150 tys. do 500 tys.;I rok
Kościół rzymskokatolicki;Raczej tak;Raz w miesiącu;nie;nie, jestem studentem;Nie;Zgadzam się;Zgadzam się;Zgadzam się;Zgadzam się;Zgadzam się;Raczej się zgadzam;Nie zgadzam się;Nie zgadzam się;Nie mam zdania;Nie zgadzam się;Nie mam zdania;Raczej się nie zgadzam;Nie zgadzam się;Nie zgadzam się;1.875;Nie zgadzam się;Raczej się zgadzam;Raczej się zgadzam;Nie mam zdania;Trudno powiedzieć;Zdecydowanie tak;Raczej tak;Trudno powiedzieć;Raczej nie;Raczej nie;Nigdy;Ani sprzeczne, ani zgodne;Tak, nie zmieniłem/zmieniłam wyznania ale moja wiara stała się słabsza;Tak, czasami;Nie;1;1;Zdecydowanie tak;Raczej tak;;Mężczyzna;2005;20;Wieś;I rok
Ateizm;Zdecydowanie nie;W ogóle nie uczestniczę;Nie;Nie;Nie;Raczej się zgadzam;Zgadzam się;Nie zgadzam się;Raczej się nie zgadzam;Raczej się zgadzam;Nie zgadzam się;Nie zgadzam się;Nie zgadzam się;Nie zgadzam się;Nie zgadzam się;Nie mam zdania;Nie zgadzam się;Nie zgadzam się;Nie zgadzam się;0;Raczej się nie zgadzam;Raczej się zgadzam;Zgadzam się;Nie zgadzam się;Zdecydowanie źle;Zdecydowanie tak;Raczej tak;Raczej negatywnie;Raczej tak;Zdecydowanie nie;Nigdy;Raczej sprzeczne;Pozostała bez zmian;Rzadko;Nie;1;1;Raczej tak;Raczej tak;Wiara w Boga/bogów ;Mężczyzna;2003;22;Miasto od 50 tys. do 150 tys.;I rok
Agnostycyzm;Raczej nie;W ogóle nie uczestniczę;nie;nie;Nie;Raczej się zgadzam;Zgadzam się;Zgadzam się;Zgadzam się;Raczej się zgadzam;Nie mam zdania;Nie zgadzam się;Nie zgadzam się;Nie zgadzam się;Nie zgadzam się;Raczej się nie zgadzam;Nie zgadzam się;Nie zgadzam się;Nie zgadzam się;0.625;Nie zgadzam się;Nie zgadzam się;Nie mam zdania;Nie mam zdania;Raczej źle;Zdecydowanie tak;Raczej tak;Trudno powiedzieć;Raczej tak;Raczej nie;Nigdy;Raczej sprzeczne;Pozostała bez zmian;Rzadko;Nie;2;2;Raczej tak;Zdecydowanie nie;uduchowieniem i wyznawanymi wartościami ;Kobieta;2004;21;Miasto od 50 tys. do 150 tys.;I rok
Agnostycyzm;Raczej tak;Kilka razy w tygodniu;zupełnie nie;Nie pracuję. ;Tak;Nie mam zdania;Raczej się zgadzam;Raczej się zgadzam;Zgadzam się;Zgadzam się;Zgadzam się;Raczej się zgadzam;Nie mam zdania;Raczej się zgadzam;Nie zgadzam się;Raczej się nie zgadzam;Nie zgadzam się;Nie zgadzam się;Nie zgadzam się;3.75;Nie zgadzam się;Nie zgadzam się;Raczej się zgadzam;Nie mam zdania;Zdecydowanie źle;Zdecydowanie tak;Raczej tak;Zdecydowanie negatywnie;Raczej tak;Zdecydowanie nie;Nigdy;Ani sprzeczne, ani zgodne;Pozostała bez zmian;Nie;Nie;1;1;Trudno powiedzieć;Trudno powiedzieć;Religijność może być definiowana jako po prostu cecha związana z religią.;Kobieta;2004;21;Miasto do 50 tys.;I rok
Ateizm;Zdecydowanie nie;Rzadziej niż raz w miesiącu;Nie;Zależy od pracy;Nie;Zgadzam się;Zgadzam się;Zgadzam się;Zgadzam się;Raczej się zgadzam;Nie zgadzam się;Nie zgadzam się;Nie zgadzam się;Nie zgadzam się;Nie zgadzam się;Nie zgadzam się;Nie zgadzam się;Nie zgadzam się;Nie zgadzam się;0;Nie zgadzam się;Raczej się nie zgadzam;Raczej się zgadzam;Nie mam zdania;Raczej źle;Zdecydowanie tak;Trudno powiedzieć;Trudno powiedzieć;Raczej nie;Zdecydowanie nie;Nigdy;Ani sprzeczne, ani zgodne;Pozostała bez zmian;Tak, czasami;Nie;3;1;Raczej tak;Zdecydowanie tak;Religijność jest wiarą w jakąś siłę wyższą. Nie trzeba praktykować żeby być religijnym.;Kobieta;2005;20;Miasto powyżej 500 tys.;I rok
Ateizm;Zdecydowanie nie;W ogóle nie uczestniczę;zdecydowanie nie;nie, nie ma to nic wspólnego i nie powinno sie tego łączyć;Nie;Zgadzam się;Zgadzam się;Raczej się zgadzam;Zgadzam się;Zgadzam się;Nie zgadzam się;Nie zgadzam się;Nie zgadzam się;Nie zgadzam się;Nie zgadzam się;Nie zgadzam się;Nie zgadzam się;Nie zgadzam się;Nie zgadzam się;0;Nie zgadzam się;Nie zgadzam się;Nie mam zdania;Nie mam zdania;Zdecydowanie źle;Zdecydowanie tak;Trudno powiedzieć;Raczej negatywnie;Trudno powiedzieć;Raczej nie;Nigdy;Ani sprzeczne, ani zgodne;Pozostała bez zmian;Nie;Nie;1;1;Raczej tak;Trudno powiedzieć;;Kobieta;2005;20;Miasto do 50 tys.;I rok
Hedonism;Zdecydowanie nie;Rzadziej niż raz w miesiącu;Nie;Tak zasady i wartości często są uniwersalne;Nie;Zgadzam się;Raczej się zgadzam;Raczej się zgadzam;Zgadzam się;Nie mam zdania;Nie zgadzam się;Nie zgadzam się;Nie zgadzam się;Nie zgadzam się;Nie zgadzam się;Zgadzam się;Nie zgadzam się;Raczej się nie zgadzam;Nie zgadzam się;0.3125;Nie zgadzam się;Nie zgadzam się;Raczej się zgadzam;Nie mam zdania;Raczej źle;Raczej nie;Raczej tak;Raczej pozytywnie;Trudno powiedzieć;Zdecydowanie nie;Nigdy;Raczej sprzeczne;Pozostała bez zmian;Rzadko;Rzadko;2;5;Zdecydowanie tak;Zdecydowanie nie;.;Mężczyzna;2003;22;Miasto od 150 tys. do 500 tys.;I rok
Kościół rzymskokatolicki;Raczej nie;Rzadziej niż raz w miesiącu;Nie;Nie;Nie;Zgadzam się;Zgadzam się;Raczej się zgadzam;Raczej się zgadzam;Zgadzam się;Raczej się nie zgadzam;Nie zgadzam się;Nie zgadzam się;Nie zgadzam się;Nie zgadzam się;Raczej się zgadzam;Nie zgadzam się;Nie zgadzam się;Nie zgadzam się;0.3125;Nie zgadzam się;Nie zgadzam się;Raczej się zgadzam;Zgadzam się;Trudno powiedzieć;Zdecydowanie tak;Trudno powiedzieć;Raczej pozytywnie;Raczej tak;Zdecydowanie nie;Nigdy;Raczej sprzeczne;Pozostała bez zmian;Nie;Nie;3;3;Trudno powiedzieć;Raczej nie;Kodeksem praw do których stosuje się grupa wierzących;Mężczyzna;2003;22;Miasto od 150 tys. do 500 tys.;I rok
Kościół rzymskokatolicki;Zdecydowanie tak;Codziennie;Nie ;Nie ;Tak;Zgadzam się;Zgadzam się;Raczej się zgadzam;Zgadzam się;Zgadzam się;Zgadzam się;Raczej się zgadzam;Raczej się zgadzam;Nie mam zdania;Nie mam zdania;Raczej się zgadzam;Raczej się nie zgadzam;Raczej się nie zgadzam;Raczej się nie zgadzam;5.3125;Raczej się nie zgadzam;Raczej się nie zgadzam;Nie mam zdania;Nie mam zdania;Raczej dobrze;Trudno powiedzieć;Raczej nie;Raczej pozytywnie;Trudno powiedzieć;Trudno powiedzieć;Rzadko;Ani sprzeczne, ani zgodne;Pozostała bez zmian;Nie;Nie;2;1;Zdecydowanie tak;Zdecydowanie tak;Możliwość do bycia osobą uśmiechniętą i pełną energii. Kształtuje to również naszą osobowość. Ważna jest również otwartość i poczucie humoru. Chęć bycia z ludźmi oraz dla ludzi. Pomoc bliźnim odgrywa kluczową rolę. ;Kobieta;2005;20;Miasto do 50 tys.;I rok
Ateizm;Zdecydowanie nie;W ogóle nie uczestniczę;Nie;Tak, ateizm pozwala zachować obiektywizm;Nie;Raczej się zgadzam;Zgadzam się;Nie mam zdania;Raczej się zgadzam;Zgadzam się;Raczej się nie zgadzam;Nie zgadzam się;Nie zgadzam się;Nie zgadzam się;Raczej się nie zgadzam;Raczej się zgadzam;Nie zgadzam się;Nie zgadzam się;Nie zgadzam się;0.625;Raczej się nie zgadzam;Nie zgadzam się;Raczej się nie zgadzam;Nie mam zdania;Zdecydowanie źle;Zdecydowanie tak;Trudno powiedzieć;Trudno powiedzieć;Raczej tak;Raczej nie;Nigdy;Raczej sprzeczne;Pozostała bez zmian;Nie;Nie;2;1;Zdecydowanie tak;Zdecydowanie tak;Wiara i jej praktykowanie w ramach jakiegos systemu religijnego;Kobieta;2004;21;Wieś;I rok
Ateizm;Raczej nie;Rzadziej niż raz w miesiącu;Nie, sądzę że powinna mnie znacznie mniejszy ;Nie są, ponieważ nie wiążą się z tematyka mojej pracy;Nie;Zgadzam się;Nie mam zdania;Raczej się zgadzam;Zgadzam się;Zgadzam się;Nie mam zdania;Nie zgadzam się;Nie zgadzam się;Nie zgadzam się;Nie zgadzam się;Raczej się nie zgadzam;Nie zgadzam się;Nie zgadzam się;Nie zgadzam się;0.625;Raczej się zgadzam;Raczej się zgadzam;Nie mam zdania;Nie mam zdania;Raczej źle;Zdecydowanie tak;Trudno powiedzieć;Raczej negatywnie;Raczej tak;Raczej nie;Nigdy;Ani sprzeczne, ani zgodne;Pozostała bez zmian;Rzadko;Nie;2;1;Trudno powiedzieć;Raczej nie;;Kobieta;2004;21;Miasto od 50 tys. do 150 tys.;I rok
Ateizm;Zdecydowanie nie;W ogóle nie uczestniczę;Nie;Nie, jestem ateistką ;Nie;Zgadzam się;Zgadzam się;Raczej się zgadzam;Zgadzam się;Zgadzam się;Nie zgadzam się;Nie zgadzam się;Nie zgadzam się;Nie zgadzam się;Nie zgadzam się;Nie zgadzam się;Nie zgadzam się;Nie zgadzam się;Nie zgadzam się;0;Nie zgadzam się;Nie zgadzam się;Nie mam zdania;Nie mam zdania;Raczej źle;Zdecydowanie tak;Raczej tak;Trudno powiedzieć;Raczej nie;Zdecydowanie nie;Nigdy;Zdecydowanie sprzeczne;Pozostała bez zmian;Nie;Nie;1;1;Raczej nie;Raczej nie;;Kobieta;2005;20;Miasto do 50 tys.;I rok
Kościół rzymskokatolicki;Nie mam zdania;Rzadziej niż raz w miesiącu;Nie;Tak łatwiej jest mi wybaczać i starać się przedewszystkim zrozumieć a nie skreślić człowieka który popełnił błąd bądź źle się zachował ;Nie;Zgadzam się;Zgadzam się;Zgadzam się;Zgadzam się;Raczej się zgadzam;Raczej się zgadzam;Nie mam zdania;Nie mam zdania;Raczej się zgadzam;Raczej się nie zgadzam;Zgadzam się;Nie zgadzam się;Nie zgadzam się;Nie zgadzam się;3.4375;Raczej się nie zgadzam;Nie mam zdania;Raczej się zgadzam;Raczej się zgadzam;Raczej źle;Zdecydowanie tak;Trudno powiedzieć;Zdecydowanie pozytywnie;Raczej nie;Zdecydowanie nie;Nigdy;Ani sprzeczne, ani zgodne;Pozostała bez zmian;Rzadko;Nie;2;1;Zdecydowanie tak;Zdecydowanie tak;Wiara i nadzieja a także świadomością że ktoś zawsze nam pomoze;Kobieta;2005;20;Miasto do 50 tys.;I rok
Kościół rzymskokatolicki;Nie mam zdania;Rzadziej niż raz w miesiącu;Nie, wyznanie nie wpływa na edukację w żadnym stopniu. Przykładowo Jezus to postać historyczna, dlatego powinno się poruszać jego temat na zajęciach, ale działa to także w drugą stronę, wszelkie „cuda” są podważalne naukowo. Religia i przekonania na jej temat nie wpływają na ogólną wiedzę jednostki. ;Personalnie na podstawie doświadczenia znajomość Biblii przydała mi się na maturze, jednak nigdzie indziej mi się ona nie przyda, a zdecydowanie nie w pracy zawodowej. (biorąc pod uwagę ścieżkę kariery, którą zamierzam podążać) ;Nie;Zgadzam się;Zgadzam się;Zgadzam się;Zgadzam się;Zgadzam się;Nie mam zdania;Raczej się zgadzam;Nie mam zdania;Nie zgadzam się;Nie zgadzam się;Nie mam zdania;Nie zgadzam się;Nie mam zdania;Nie zgadzam się;2.8125;Zgadzam się;Nie mam zdania;Raczej się nie zgadzam;Raczej się nie zgadzam;Raczej źle;Raczej tak;Zdecydowanie tak;Zdecydowanie pozytywnie;Raczej nie;Raczej nie;Rzadko;Raczej sprzeczne;Pozostała bez zmian;Tak, czasami;Tak, czasami;4;3;Zdecydowanie tak;Trudno powiedzieć;Religijność to dla mnie sposób radzenia sobie w trudnych sytuacjach. Wiary chwytają się osoby w pewnego rodzaju rozterce życiowej, trudnej sytuacji i znajdują tam ukojenie umysłu. Jeśli wpływa to na nich pozytywnie to nie widzę żadnego problemu i potrzeby głębszej analizy. ;Kobieta;2005;20;Miasto od 150 tys. do 500 tys.;I rok
Kościół Grekokatolicki;Raczej tak;W ogóle nie uczestniczę;Uważam że to wybór każdego i nie trzeba narzucać coś na siłe;Nie, ponieważ moja praca nie ma aspektu religijnego ;Nie;Zgadzam się;Zgadzam się;Zgadzam się;Zgadzam się;Zgadzam się;Raczej się zgadzam;Raczej się zgadzam;Nie mam zdania;Nie mam zdania;Raczej się nie zgadzam;Raczej się zgadzam;Raczej się nie zgadzam;Nie zgadzam się;Nie zgadzam się;3.75;Nie zgadzam się;Nie zgadzam się;Zgadzam się;Raczej się zgadzam;Raczej dobrze;Raczej tak;Raczej tak;Raczej pozytywnie;Trudno powiedzieć;Raczej nie;Nigdy;Zdecydowanie sprzeczne;Pozostała bez zmian;Nie;Nie;1;1;Zdecydowanie tak;Zdecydowanie tak;Religijność dla mnie to poczucie obecności Boga w moim życiu, pomaga mi się poczuć lepiej w trudnych sytuacjach, lubię święta bardzo zbliżają rodzinę ;Kobieta;2001;24;Miasto do 50 tys.;I rok
Ateizm;Zdecydowanie nie;W ogóle nie uczestniczę;Nie ;Nie;Nie;Zgadzam się;Zgadzam się;Nie mam zdania;Zgadzam się;Raczej się zgadzam;Nie zgadzam się;Nie zgadzam się;Nie zgadzam się;Nie zgadzam się;Nie zgadzam się;Raczej się zgadzam;Nie zgadzam się;Nie zgadzam się;Nie zgadzam się;0;Raczej się zgadzam;Zgadzam się;Nie mam zdania;Nie zgadzam się;Raczej źle;Zdecydowanie tak;Raczej nie;Zdecydowanie negatywnie;Raczej tak;Raczej tak;Nigdy;Zdecydowanie sprzeczne;Pozostała bez zmian;Tak, zawsze;Nie;3;1;Zdecydowanie tak;Zdecydowanie nie;;Kobieta;2004;21;Miasto powyżej 500 tys.;II rok
Kościół rzymskokatolicki;Zdecydowanie nie;W ogóle nie uczestniczę;Nie;Nie;Nie;Zgadzam się;Zgadzam się;Zgadzam się;Zgadzam się;Zgadzam się;Nie zgadzam się;Nie zgadzam się;Nie zgadzam się;Nie zgadzam się;Nie zgadzam się;Nie zgadzam się;Nie zgadzam się;Nie zgadzam się;Nie zgadzam się;0;Nie zgadzam się;Nie zgadzam się;Nie zgadzam się;Nie zgadzam się;Zdecydowanie źle;Zdecydowanie tak;Raczej nie;Trudno powiedzieć;Trudno powiedzieć;Trudno powiedzieć;Nigdy;Ani sprzeczne, ani zgodne;Pozostała bez zmian;Nie;Nie;1;1;Raczej nie;Raczej nie;Czymś bez sensu.;Kobieta;2004;21;Miasto od 150 tys. do 500 tys.;II rok
Kościół rzymskokatolicki;Raczej nie;W ogóle nie uczestniczę;Nie;Nie. O ile w pracy zwodowej istotna jest moralnosc, nie widze powodu, by religia byla jej jedynym uwarunkowaniem.;Nie;Zgadzam się;Raczej się zgadzam;Raczej się zgadzam;Zgadzam się;Raczej się zgadzam;Raczej się nie zgadzam;Nie zgadzam się;Nie zgadzam się;Nie zgadzam się;Nie zgadzam się;Nie mam zdania;Nie zgadzam się;Raczej się nie zgadzam;Raczej się nie zgadzam;0.9375;Raczej się nie zgadzam;Raczej się nie zgadzam;Nie mam zdania;Nie mam zdania;Raczej źle;Zdecydowanie tak;Raczej tak;Trudno powiedzieć;Trudno powiedzieć;Raczej nie;Nigdy;Raczej sprzeczne;Pozostała bez zmian;Tak, czasami;Nie;2;3;Raczej tak;Raczej tak;;Kobieta;2004;21;Miasto od 50 tys. do 150 tys.;II rok
Kościół rzymskokatolicki;Raczej nie;W ogóle nie uczestniczę;Nie;Nie;Nie;Zgadzam się;Zgadzam się;Zgadzam się;Zgadzam się;Zgadzam się;Nie zgadzam się;Nie zgadzam się;Nie zgadzam się;Nie zgadzam się;Nie zgadzam się;Raczej się nie zgadzam;Nie zgadzam się;Nie zgadzam się;Nie zgadzam się;0;Nie zgadzam się;Nie zgadzam się;Nie mam zdania;Nie zgadzam się;Raczej źle;Zdecydowanie tak;Trudno powiedzieć;Trudno powiedzieć;Raczej tak;Trudno powiedzieć;Nigdy;Zdecydowanie sprzeczne;Pozostała bez zmian;Nie;Nie;1;1;Raczej tak;Trudno powiedzieć;Nie jest niczym ważnym. Trudno powiedzieć czym jest dokładnie. Uważam, że jest pewnym wymysłem.;Kobieta;2005;20;Miasto od 150 tys. do 500 tys.;II rok
Kościół rzymskokatolicki;Raczej nie;W ogóle nie uczestniczę;Nie;Nie;Nie;Zgadzam się;Zgadzam się;Zgadzam się;Zgadzam się;Zgadzam się;Zgadzam się;Nie zgadzam się;Nie zgadzam się;Nie zgadzam się;Nie zgadzam się;Nie zgadzam się;Nie zgadzam się;Nie zgadzam się;Nie zgadzam się;1.25;Nie zgadzam się;Nie zgadzam się;Nie zgadzam się;Nie zgadzam się;Trudno powiedzieć;Zdecydowanie tak;Zdecydowanie nie;Trudno powiedzieć;Trudno powiedzieć;Raczej nie;Nigdy;Raczej sprzeczne;Pozostała bez zmian;Nie;Nie;1;1;Raczej nie;Raczej tak;Stworzona do manipulowania ludźmi ;Kobieta;2004;21;Miasto powyżej 500 tys.;II rok
Kościół rzymskokatolicki;Zdecydowanie nie;Rzadziej niż raz w miesiącu;Nie;Nie;Nie;Zgadzam się;Zgadzam się;Raczej się zgadzam;Zgadzam się;Raczej się zgadzam;Raczej się nie zgadzam;Raczej się nie zgadzam;Nie zgadzam się;Raczej się nie zgadzam;Nie zgadzam się;Nie zgadzam się;Nie zgadzam się;Nie zgadzam się;Nie zgadzam się;0.9375;Nie zgadzam się;Nie mam zdania;Raczej się zgadzam;Raczej się nie zgadzam;Zdecydowanie źle;Raczej tak;Trudno powiedzieć;Trudno powiedzieć;Raczej tak;Raczej tak;Nigdy;Raczej sprzeczne;Tak, nie zmieniłem/zmieniłam wyznania ale moja wiara stała się słabsza;Rzadko;Nie;1;1;Zdecydowanie tak;Raczej nie;;Kobieta;2004;21;Miasto od 150 tys. do 500 tys.;II rok
Ateizm;Raczej nie;W ogóle nie uczestniczę;Nie;Nie;Nie;Zgadzam się;Zgadzam się;Zgadzam się;Zgadzam się;Zgadzam się;Nie zgadzam się;Nie zgadzam się;Nie zgadzam się;Nie zgadzam się;Nie zgadzam się;Raczej się zgadzam;Nie zgadzam się;Nie zgadzam się;Nie zgadzam się;0;Raczej się zgadzam;Nie zgadzam się;Raczej się zgadzam;Nie zgadzam się;Zdecydowanie źle;Zdecydowanie tak;Raczej nie;Raczej negatywnie;Zdecydowanie tak;Raczej nie;Nigdy;Ani sprzeczne, ani zgodne;Pozostała bez zmian;Nie;Tak, czasami;3;2;Zdecydowanie tak;Zdecydowanie tak;;Kobieta;2002;23;Miasto powyżej 500 tys.;II rok
Agnostycyzm;Zdecydowanie nie;W ogóle nie uczestniczę;nie;nie;Nie;Raczej się zgadzam;Zgadzam się;Zgadzam się;Raczej się zgadzam;Raczej się zgadzam;Nie zgadzam się;Nie zgadzam się;Nie zgadzam się;Nie zgadzam się;Nie zgadzam się;Nie mam zdania;Nie zgadzam się;Nie zgadzam się;Nie zgadzam się;0;Raczej się nie zgadzam;Nie zgadzam się;Raczej się nie zgadzam;Nie mam zdania;Raczej źle;Raczej tak;Trudno powiedzieć;Zdecydowanie negatywnie;Trudno powiedzieć;Trudno powiedzieć;Nigdy;Ani sprzeczne, ani zgodne;Pozostała bez zmian;Nie;Nie;1;1;Raczej tak;Zdecydowanie nie;;Mężczyzna;2004;21;Wieś;II rok
Kościół rzymskokatolicki;Zdecydowanie tak;Raz w tygodniu;Tak ;Tak, ponieważ w pracy mam kontakt z ludźmi ;Tak;Zgadzam się;Zgadzam się;Zgadzam się;Zgadzam się;Zgadzam się;Zgadzam się;Zgadzam się;Zgadzam się;Zgadzam się;Raczej się nie zgadzam;Zgadzam się;Raczej się zgadzam;Raczej się nie zgadzam;Raczej się nie zgadzam;6.875;Raczej się nie zgadzam;Nie mam zdania;Nie mam zdania;Zgadzam się;Raczej dobrze;Trudno powiedzieć;Zdecydowanie tak;Zdecydowanie pozytywnie;Raczej nie;Raczej nie;Rzadko;Raczej sprzeczne;Pozostała bez zmian;Nie;Rzadko;1;1;Zdecydowanie tak;Zdecydowanie tak;Jedną z podstawowych wartości ;Kobieta;2001;24;Miasto do 50 tys.;V - jednolite studia magisterskie lub II - studia II stopnia
Kościół rzymskokatolicki;Raczej nie;W ogóle nie uczestniczę;Nie;Ważne by nikt nikomu nie robił krzywdy ;Tak;Zgadzam się;Zgadzam się;Zgadzam się;Zgadzam się;Zgadzam się;Nie mam zdania;Nie zgadzam się;Nie zgadzam się;Raczej się nie zgadzam;Nie zgadzam się;Nie mam zdania;Nie zgadzam się;Nie zgadzam się;Nie zgadzam się;0.9375;Nie mam zdania;Nie zgadzam się;Zgadzam się;Nie zgadzam się;Trudno powiedzieć;Raczej tak;Trudno powiedzieć;Raczej pozytywnie;Trudno powiedzieć;Trudno powiedzieć;Rzadko;Raczej sprzeczne;Tak, zmieniłem/zmieniłam wyznanie i moja wiara stała się słabsza;Rzadko;Nie;1;4;Zdecydowanie tak;Raczej tak;Styl bycia ;Mężczyzna;1999;26;Miasto do 50 tys.;V - jednolite studia magisterskie lub II - studia II stopnia
Kościół rzymskokatolicki;Raczej tak;Rzadziej niż raz w miesiącu;nie;tak, może być moralnym kompasem;Tak;Zgadzam się;Zgadzam się;Zgadzam się;Zgadzam się;Zgadzam się;Zgadzam się;Raczej się zgadzam;Raczej się zgadzam;Nie mam zdania;Nie mam zdania;Zgadzam się;Raczej się nie zgadzam;Raczej się nie zgadzam;Raczej się nie zgadzam;5.3125;Nie zgadzam się;Nie zgadzam się;Raczej się zgadzam;Raczej się zgadzam;Raczej dobrze;Trudno powiedzieć;Zdecydowanie tak;Zdecydowanie pozytywnie;Raczej tak;Trudno powiedzieć;Nigdy;Raczej sprzeczne;Tak, nie zmieniłem/zmieniłam wyznania ale moja wiara stała się silniejsza;Rzadko;Tak, czasami;2;2;Trudno powiedzieć;Trudno powiedzieć;;Kobieta;1996;29;Miasto od 50 tys. do 150 tys.;III rok
Kościół rzymskokatolicki;Zdecydowanie tak;Kilka razy w tygodniu;chyba nie ma takiej potrzeby;myślę że tak uczą że drugiego człowieka należy traktować z szacunkiem  i sprawiedliwie w każdej sytuacji a to przyda się w każdej pracy;Tak;Zgadzam się;Zgadzam się;Raczej się nie zgadzam;Raczej się zgadzam;Raczej się zgadzam;Zgadzam się;Raczej się zgadzam;Raczej się zgadzam;Raczej się zgadzam;Nie mam zdania;Raczej się zgadzam;Raczej się nie zgadzam;Raczej się nie zgadzam;Nie mam zdania;5.9375;Raczej się zgadzam;Raczej się nie zgadzam;Raczej się zgadzam;Zgadzam się;Zdecydowanie dobrze;Raczej nie;Raczej tak;Raczej pozytywnie;Raczej nie;Trudno powiedzieć;Tak, czasami;Raczej zgodne;Pozostała bez zmian;Nie;Tak, czasami;2;1;Trudno powiedzieć;Raczej nie;jest częścią tego kim jestem;Kobieta;1977;48;Miasto powyżej 500 tys.;V - jednolite studia magisterskie lub II - studia II stopnia
Kościół rzymskokatolicki;Raczej nie;Rzadziej niż raz w miesiącu;Mniejszy zdecydowanie ;Myślę, że nie, pracuję z dziećmi i zauważam ze osoby bardzo religijne są zaborcze wobec świąt takich jak Halloween i innych religii co prowadzi do konfliktów ;Nie;Zgadzam się;Zgadzam się;Zgadzam się;Zgadzam się;Zgadzam się;Raczej się nie zgadzam;Nie zgadzam się;Nie zgadzam się;Nie zgadzam się;Nie zgadzam się;Nie zgadzam się;Nie zgadzam się;Raczej się nie zgadzam;Nie zgadzam się;0.625;Nie zgadzam się;Nie zgadzam się;Nie mam zdania;Nie zgadzam się;Raczej źle;Zdecydowanie tak;Trudno powiedzieć;Raczej negatywnie;Raczej tak;Raczej nie;Nigdy;Raczej sprzeczne;Pozostała bez zmian;Nie;Nie;2;1;Raczej tak;Trudno powiedzieć;Wiarą;Kobieta;1998;27;Miasto od 150 tys. do 500 tys.;V - jednolite studia magisterskie lub II - studia II stopnia
Ateizm;Zdecydowanie nie;W ogóle nie uczestniczę;Zdecydowanie nie.;Nie, uważam, że wartości związane ściśle z religijnością nie mają wpływu na pracę zawodową. Natomiast niektóre wartości cenione między innymi w kręgach religijnych, takie jak szczerość mogą być przydatne.;Nie;Zgadzam się;Zgadzam się;Zgadzam się;Zgadzam się;Raczej się zgadzam;Nie zgadzam się;Nie zgadzam się;Nie zgadzam się;Nie zgadzam się;Nie zgadzam się;Raczej się zgadzam;Nie zgadzam się;Nie zgadzam się;Nie zgadzam się;0;Nie zgadzam się;Raczej się zgadzam;Raczej się nie zgadzam;Nie zgadzam się;Zdecydowanie źle;Zdecydowanie tak;Trudno powiedzieć;Raczej negatywnie;Trudno powiedzieć;Zdecydowanie nie;Nigdy;Raczej sprzeczne;Pozostała bez zmian;Rzadko;Nie;1;1;Zdecydowanie tak;Raczej tak;;Kobieta;2003;22;Miasto do 50 tys.;III rok
Ateizm;Zdecydowanie nie;W ogóle nie uczestniczę;wręcz przeciwnie;tak, bo ateizm pozwala mi na obiektywna ocene sytuacji, a nie dyktowanej przykazaniami religijnymi;Nie;Raczej się zgadzam;Raczej się zgadzam;Raczej się zgadzam;Zgadzam się;Raczej się zgadzam;Nie zgadzam się;Nie zgadzam się;Raczej się zgadzam;Nie zgadzam się;Nie zgadzam się;Nie zgadzam się;Nie zgadzam się;Nie zgadzam się;Nie zgadzam się;0.9375;Nie zgadzam się;Zgadzam się;Nie mam zdania;Nie mam zdania;Zdecydowanie źle;Zdecydowanie tak;Trudno powiedzieć;Raczej negatywnie;Zdecydowanie tak;Zdecydowanie nie;Nigdy;Zdecydowanie sprzeczne;Pozostała bez zmian;Tak, czasami;Nie;1;1;Zdecydowanie tak;Trudno powiedzieć;wiara w siłę wyższą i czczenie jej;Kobieta;2005;20;Miasto powyżej 500 tys.;II rok
Ateizm;Zdecydowanie nie;W ogóle nie uczestniczę;nie, powinna mieć mniejszy;nie, nie jestem religijna;Tak;Zgadzam się;Zgadzam się;Zgadzam się;Raczej się zgadzam;Zgadzam się;Raczej się nie zgadzam;Nie zgadzam się;Nie zgadzam się;Nie zgadzam się;Nie zgadzam się;Nie zgadzam się;Nie zgadzam się;Nie zgadzam się;Nie zgadzam się;0.3125;Raczej się nie zgadzam;Nie zgadzam się;Nie mam zdania;Nie zgadzam się;Zdecydowanie źle;Zdecydowanie tak;Trudno powiedzieć;Raczej negatywnie;Zdecydowanie tak;Raczej nie;Nigdy;Ani sprzeczne, ani zgodne;Pozostała bez zmian;Nie;Nie;1;1;Zdecydowanie nie;Zdecydowanie nie;;Kobieta;2002;23;Miasto powyżej 500 tys.;IV - jednolite studia magisterskie lub I - studia II stopnia
